,date,cost
0,2009-09-04,3.93
1,2009-09-07,3.93
2,2009-09-08,3.98
3,2009-09-09,3.98
4,2009-09-10,3.98
5,2009-09-11,3.98
6,2009-09-14,3.98
7,2009-09-15,4.13
8,2009-09-16,4.13
9,2009-09-17,4.13
10,2009-09-18,4.13
11,2009-09-21,4.13
12,2009-09-22,4.22
13,2009-09-23,4.22
14,2009-09-24,4.22
15,2009-09-25,4.22
16,2009-09-28,4.22
17,2009-09-29,4.32
18,2009-09-30,4.32
19,2009-10-01,4.32
20,2009-10-02,4.32
21,2009-10-05,4.32
22,2009-10-06,4.59
23,2009-10-07,4.59
24,2009-10-08,4.59
25,2009-10-09,4.59
26,2009-10-12,4.59
27,2009-10-13,4.59
28,2009-10-14,4.91
29,2009-10-15,4.91
30,2009-10-16,4.91
31,2009-10-19,4.91
32,2009-10-20,4.91
33,2009-10-21,4.91
34,2009-10-22,4.91
35,2009-10-23,4.91
36,2009-10-26,4.91
37,2009-10-27,5.05
38,2009-10-28,5.05
39,2009-10-29,5.05
40,2009-10-30,5.05
41,2009-11-02,5.05
42,2009-11-03,5.05
43,2009-11-04,5.22
44,2009-11-05,5.22
45,2009-11-06,5.22
46,2009-11-09,5.22
47,2009-11-10,5.25
48,2009-11-11,5.25
49,2009-11-12,5.25
50,2009-11-13,5.25
51,2009-11-16,5.25
52,2009-11-17,5.3
53,2009-11-18,5.3
54,2009-11-19,5.3
55,2009-11-20,5.3
56,2009-11-23,5.3
57,2009-11-24,5.29
58,2009-11-25,5.29
59,2009-11-26,5.29
60,2009-11-27,5.29
61,2009-11-30,5.29
62,2009-12-01,5.33
63,2009-12-02,5.33
64,2009-12-03,5.33
65,2009-12-04,5.33
66,2009-12-07,5.33
67,2009-12-08,5.29
68,2009-12-09,5.29
69,2009-12-10,5.29
70,2009-12-11,5.29
71,2009-12-14,5.29
72,2009-12-15,5.23
73,2009-12-16,5.23
74,2009-12-17,5.23
75,2009-12-18,5.23
76,2009-12-21,5.23
77,2009-12-22,5.18
78,2009-12-23,5.18
79,2009-12-24,5.18
80,2009-12-25,5.18
81,2009-12-28,5.18
82,2009-12-29,5.18
83,2009-12-30,5.18
84,2009-12-31,5.18
85,2010-01-01,5.18
86,2010-01-04,5.18
87,2010-01-05,5.18
88,2010-01-06,4.75
89,2010-01-07,4.75
90,2010-01-08,4.75
91,2010-01-11,4.75
92,2010-01-12,4.75
93,2010-01-13,4.3
94,2010-01-14,4.3
95,2010-01-15,4.3
96,2010-01-18,4.3
97,2010-01-19,4.3
98,2010-01-20,3.95
99,2010-01-21,3.95
100,2010-01-22,3.95
101,2010-01-25,3.95
102,2010-01-26,3.95
103,2010-01-27,3.19
104,2010-01-28,3.19
105,2010-01-29,3.19
106,2010-02-01,3.19
107,2010-02-02,3.19
108,2010-02-03,3.47
109,2010-02-04,3.47
110,2010-02-05,3.47
111,2010-02-08,3.47
112,2010-02-09,3.47
113,2010-02-10,3.84
114,2010-02-11,3.84
115,2010-02-12,3.84
116,2010-02-15,3.84
117,2010-02-16,3.84
118,2010-02-17,3.8
119,2010-02-18,3.8
120,2010-02-19,3.8
121,2010-02-22,3.8
122,2010-02-23,3.8
123,2010-02-24,3.81
124,2010-02-25,3.81
125,2010-02-26,3.81
126,2010-03-01,3.81
127,2010-03-02,3.8
128,2010-03-03,3.8
129,2010-03-04,3.8
130,2010-03-05,3.8
131,2010-03-08,3.8
132,2010-03-09,3.46
133,2010-03-10,3.46
134,2010-03-11,3.46
135,2010-03-12,3.46
136,2010-03-15,3.46
137,2010-03-16,3.46
138,2010-03-17,3.54
139,2010-03-18,3.54
140,2010-03-19,3.54
141,2010-03-22,3.54
142,2010-03-23,3.54
143,2010-03-24,3.22
144,2010-03-25,3.22
145,2010-03-26,3.22
146,2010-03-29,3.22
147,2010-03-30,3.22
148,2010-03-31,3.2
149,2010-04-01,3.2
150,2010-04-02,3.2
151,2010-04-05,3.2
152,2010-04-06,3.2
153,2010-04-07,3.2
154,2010-04-08,3.2
155,2010-04-09,3.2
156,2010-04-12,3.2
157,2010-04-13,3.2
158,2010-04-14,3.23
159,2010-04-15,3.23
160,2010-04-16,3.23
161,2010-04-19,3.23
162,2010-04-20,3.23
163,2010-04-21,3.61
164,2010-04-22,3.61
165,2010-04-23,3.61
166,2010-04-26,3.61
167,2010-04-27,3.61
168,2010-04-28,3.51
169,2010-04-29,3.51
170,2010-04-30,3.51
171,2010-05-03,3.51
172,2010-05-04,3.51
173,2010-05-05,3.5
174,2010-05-06,3.5
175,2010-05-07,3.5
176,2010-05-10,3.5
177,2010-05-11,3.5
178,2010-05-12,3.52
179,2010-05-13,3.52
180,2010-05-14,3.52
181,2010-05-17,3.52
182,2010-05-18,3.52
183,2010-05-19,3.52
184,2010-05-20,3.44
185,2010-05-21,3.44
186,2010-05-24,3.44
187,2010-05-25,3.44
188,2010-05-26,3.3
189,2010-05-27,3.3
190,2010-05-28,3.3
191,2010-05-31,3.3
192,2010-06-01,3.3
193,2010-06-02,3.08
194,2010-06-03,3.08
195,2010-06-04,3.08
196,2010-06-07,3.08
197,2010-06-08,3.08
198,2010-06-09,2.96
199,2010-06-10,2.96
200,2010-06-11,2.96
201,2010-06-14,2.96
202,2010-06-15,2.96
203,2010-06-16,3.02
204,2010-06-17,3.02
205,2010-06-18,3.02
206,2010-06-21,3.02
207,2010-06-22,3.04
208,2010-06-23,3.04
209,2010-06-24,3.04
210,2010-06-25,3.04
211,2010-06-28,3.04
212,2010-06-29,2.98
213,2010-06-30,2.98
214,2010-07-01,2.98
215,2010-07-02,2.98
216,2010-07-05,2.98
217,2010-07-06,2.88
218,2010-07-07,2.88
219,2010-07-08,2.88
220,2010-07-09,2.88
221,2010-07-12,2.88
222,2010-07-13,2.67
223,2010-07-14,2.67
224,2010-07-15,2.67
225,2010-07-16,2.67
226,2010-07-19,2.67
227,2010-07-20,2.66
228,2010-07-21,2.66
229,2010-07-22,2.66
230,2010-07-23,2.66
231,2010-07-26,2.66
232,2010-07-27,2.81
233,2010-07-28,2.81
234,2010-07-29,2.81
235,2010-07-30,2.81
236,2010-08-02,2.81
237,2010-08-03,3.03
238,2010-08-04,3.03
239,2010-08-05,3.03
240,2010-08-06,3.03
241,2010-08-09,3.03
242,2010-08-10,3.25
243,2010-08-11,3.25
244,2010-08-12,3.25
245,2010-08-13,3.25
246,2010-08-16,3.25
247,2010-08-17,3.4
248,2010-08-18,3.4
249,2010-08-19,3.4
250,2010-08-20,3.4
251,2010-08-23,3.4
252,2010-08-24,3.47
253,2010-08-25,3.47
254,2010-08-26,3.47
255,2010-08-27,3.47
256,2010-08-30,3.47
257,2010-08-31,3.29
258,2010-09-01,3.29
259,2010-09-02,3.29
260,2010-09-03,3.29
261,2010-09-06,3.29
262,2010-09-07,3.09
263,2010-09-08,3.09
264,2010-09-09,3.09
265,2010-09-10,3.09
266,2010-09-13,3.09
267,2010-09-14,3.16
268,2010-09-15,3.16
269,2010-09-16,3.16
270,2010-09-17,3.16
271,2010-09-20,3.16
272,2010-09-21,3.54
273,2010-09-22,3.54
274,2010-09-23,3.54
275,2010-09-24,3.54
276,2010-09-27,3.54
277,2010-09-28,3.54
278,2010-09-29,3.54
279,2010-09-30,3.54
280,2010-10-01,3.54
281,2010-10-04,3.54
282,2010-10-05,3.28
283,2010-10-06,3.28
284,2010-10-07,3.28
285,2010-10-08,3.28
286,2010-10-11,3.28
287,2010-10-12,3.35
288,2010-10-13,3.35
289,2010-10-14,3.35
290,2010-10-15,3.35
291,2010-10-18,3.22
292,2010-10-19,3.22
293,2010-10-20,3.22
294,2010-10-21,3.22
295,2010-10-22,3.22
296,2010-10-25,3.22
297,2010-10-26,3.18
298,2010-10-27,3.18
299,2010-10-28,3.18
300,2010-10-29,3.18
301,2010-11-01,3.18
302,2010-11-02,3.06
303,2010-11-03,3.06
304,2010-11-04,3.06
305,2010-11-05,3.06
306,2010-11-08,3.06
307,2010-11-09,3.11
308,2010-11-10,3.11
309,2010-11-11,3.11
310,2010-11-12,3.11
311,2010-11-15,3.11
312,2010-11-16,3.11
313,2010-11-17,3.16
314,2010-11-18,3.16
315,2010-11-19,3.16
316,2010-11-22,3.16
317,2010-11-23,3.14
318,2010-11-24,3.14
319,2010-11-25,3.14
320,2010-11-26,3.14
321,2010-11-29,3.14
322,2010-11-30,3.18
323,2010-12-01,3.18
324,2010-12-02,3.18
325,2010-12-03,3.18
326,2010-12-06,3.18
327,2010-12-07,3.25
328,2010-12-08,3.25
329,2010-12-09,3.25
330,2010-12-10,3.25
331,2010-12-13,3.25
332,2010-12-14,3.25
333,2010-12-15,3.39
334,2010-12-16,3.39
335,2010-12-17,3.39
336,2010-12-20,3.39
337,2010-12-21,3.41
338,2010-12-22,3.41
339,2010-12-23,3.41
340,2010-12-24,3.41
341,2010-12-27,3.41
342,2010-12-28,3.41
343,2010-12-29,3.41
344,2010-12-30,3.41
345,2010-12-31,3.41
346,2011-01-03,3.41
347,2011-01-04,3.41
348,2011-01-05,3.54
349,2011-01-06,3.54
350,2011-01-07,3.54
351,2011-01-10,3.54
352,2011-01-11,3.63
353,2011-01-12,3.63
354,2011-01-13,3.63
355,2011-01-14,3.63
356,2011-01-17,3.63
357,2011-01-18,3.63
358,2011-01-19,3.8
359,2011-01-20,3.8
360,2011-01-21,3.8
361,2011-01-24,3.8
362,2011-01-25,3.81
363,2011-01-26,3.81
364,2011-01-27,3.81
365,2011-01-28,3.81
366,2011-01-31,3.81
367,2011-02-01,3.46
368,2011-02-02,3.46
369,2011-02-03,3.46
370,2011-02-04,3.46
371,2011-02-07,3.46
372,2011-02-08,3.52
373,2011-02-09,3.52
374,2011-02-10,3.52
375,2011-02-11,3.52
376,2011-02-14,3.52
377,2011-02-15,3.52
378,2011-02-16,3.62
379,2011-02-17,3.62
380,2011-02-18,3.62
381,2011-02-21,3.62
382,2011-02-22,3.59
383,2011-02-23,3.59
384,2011-02-24,3.59
385,2011-02-25,3.59
386,2011-02-28,3.59
387,2011-03-01,3.58
388,2011-03-02,3.58
389,2011-03-03,3.58
390,2011-03-04,3.58
391,2011-03-07,3.58
392,2011-03-08,3.24
393,2011-03-09,3.24
394,2011-03-10,3.24
395,2011-03-11,3.24
396,2011-03-14,3.24
397,2011-03-15,3.12
398,2011-03-16,3.12
399,2011-03-17,3.12
400,2011-03-18,3.12
401,2011-03-21,3.12
402,2011-03-22,3.12
403,2011-03-23,3.05
404,2011-03-24,3.05
405,2011-03-25,3.05
406,2011-03-28,3.05
407,2011-03-29,3.05
408,2011-03-30,3.07
409,2011-03-31,3.07
410,2011-04-01,3.07
411,2011-04-04,3.07
412,2011-04-05,3.07
413,2011-04-06,3.07
414,2011-04-07,3.17
415,2011-04-08,3.17
416,2011-04-11,3.17
417,2011-04-12,3.23
418,2011-04-13,3.23
419,2011-04-14,3.23
420,2011-04-15,3.23
421,2011-04-18,3.23
422,2011-04-19,3.23
423,2011-04-20,3.18
424,2011-04-21,3.18
425,2011-04-22,3.18
426,2011-04-25,3.18
427,2011-04-26,3.18
428,2011-04-27,3.18
429,2011-04-28,3.18
430,2011-04-29,3.18
431,2011-05-02,3.18
432,2011-05-03,3.18
433,2011-05-04,3.22
434,2011-05-05,3.22
435,2011-05-06,3.22
436,2011-05-09,3.22
437,2011-05-10,3.22
438,2011-05-11,3.22
439,2011-05-12,3.22
440,2011-05-13,3.22
441,2011-05-16,3.22
442,2011-05-17,3.15
443,2011-05-18,3.15
444,2011-05-19,3.15
445,2011-05-20,3.15
446,2011-05-23,3.15
447,2011-05-24,3.05
448,2011-05-25,3.05
449,2011-05-26,3.05
450,2011-05-27,3.05
451,2011-05-30,3.05
452,2011-05-31,3.16
453,2011-06-01,3.16
454,2011-06-02,3.16
455,2011-06-03,3.16
456,2011-06-06,3.16
457,2011-06-07,3.16
458,2011-06-08,2.98
459,2011-06-09,2.98
460,2011-06-10,2.98
461,2011-06-13,2.98
462,2011-06-14,2.98
463,2011-06-15,3.03
464,2011-06-16,3.03
465,2011-06-17,3.03
466,2011-06-20,3.03
467,2011-06-21,3.13
468,2011-06-22,3.13
469,2011-06-23,3.13
470,2011-06-24,3.13
471,2011-06-27,3.13
472,2011-06-28,3.16
473,2011-06-29,3.16
474,2011-06-30,3.16
475,2011-07-01,3.16
476,2011-07-04,3.16
477,2011-07-05,3.2
478,2011-07-06,3.2
479,2011-07-07,3.2
480,2011-07-08,3.2
481,2011-07-11,3.2
482,2011-07-12,3.3
483,2011-07-13,3.3
484,2011-07-14,3.3
485,2011-07-15,3.3
486,2011-07-18,3.3
487,2011-07-19,3.49
488,2011-07-20,3.49
489,2011-07-21,3.49
490,2011-07-22,3.49
491,2011-07-25,3.49
492,2011-07-26,3.49
493,2011-07-27,3.4
494,2011-07-28,3.4
495,2011-07-29,3.4
496,2011-08-01,3.4
497,2011-08-02,3.38
498,2011-08-03,3.38
499,2011-08-04,3.38
500,2011-08-05,3.38
501,2011-08-08,3.38
502,2011-08-09,3.27
503,2011-08-10,3.27
504,2011-08-11,3.27
505,2011-08-12,3.27
506,2011-08-15,3.27
507,2011-08-16,3.17
508,2011-08-17,3.17
509,2011-08-18,3.17
510,2011-08-19,3.17
511,2011-08-22,3.17
512,2011-08-23,3.17
513,2011-08-24,3.17
514,2011-08-25,3.17
515,2011-08-26,3.17
516,2011-08-29,3.17
517,2011-08-30,3.07
518,2011-08-31,3.07
519,2011-09-01,3.07
520,2011-09-02,3.07
521,2011-09-05,3.07
522,2011-09-06,3.07
523,2011-09-07,2.99
524,2011-09-08,2.99
525,2011-09-09,2.99
526,2011-09-12,2.99
527,2011-09-13,3.03
528,2011-09-14,3.03
529,2011-09-15,3.03
530,2011-09-16,3.03
531,2011-09-19,3.03
532,2011-09-20,3.23
533,2011-09-21,3.23
534,2011-09-22,3.23
535,2011-09-23,3.23
536,2011-09-26,3.23
537,2011-09-27,3.23
538,2011-09-28,3.14
539,2011-09-29,3.14
540,2011-09-30,3.14
541,2011-10-03,3.14
542,2011-10-04,3.11
543,2011-10-05,3.11
544,2011-10-06,3.11
545,2011-10-07,3.11
546,2011-10-10,3.11
547,2011-10-11,2.84
548,2011-10-12,2.84
549,2011-10-13,2.84
550,2011-10-14,2.84
551,2011-10-17,2.84
552,2011-10-18,2.91
553,2011-10-19,2.91
554,2011-10-20,2.91
555,2011-10-21,2.91
556,2011-10-24,2.91
557,2011-10-25,2.91
558,2011-10-26,2.78
559,2011-10-27,2.78
560,2011-10-28,2.78
561,2011-10-31,2.78
562,2011-11-01,2.78
563,2011-11-02,2.57
564,2011-11-03,2.57
565,2011-11-04,2.57
566,2011-11-07,2.57
567,2011-11-08,2.53
568,2011-11-09,2.53
569,2011-11-10,2.53
570,2011-11-11,2.53
571,2011-11-14,2.53
572,2011-11-15,2.54
573,2011-11-16,2.54
574,2011-11-17,2.54
575,2011-11-18,2.54
576,2011-11-21,2.54
577,2011-11-22,2.51
578,2011-11-23,2.51
579,2011-11-24,2.51
580,2011-11-25,2.51
581,2011-11-28,2.51
582,2011-11-29,2.32
583,2011-11-30,2.32
584,2011-12-01,2.32
585,2011-12-02,2.32
586,2011-12-05,2.32
587,2011-12-06,2.38
588,2011-12-07,2.38
589,2011-12-08,2.38
590,2011-12-09,2.38
591,2011-12-12,2.38
592,2011-12-13,2.38
593,2011-12-14,2.53
594,2011-12-15,2.53
595,2011-12-16,2.53
596,2011-12-19,2.53
597,2011-12-20,2.43
598,2011-12-21,2.43
599,2011-12-22,2.43
600,2011-12-23,2.43
601,2011-12-26,2.43
602,2011-12-27,2.43
603,2011-12-28,2.43
604,2011-12-29,2.43
605,2011-12-30,2.43
606,2012-01-02,2.43
607,2012-01-03,2.43
608,2012-01-04,2.44
609,2012-01-05,2.44
610,2012-01-06,2.44
611,2012-01-09,2.44
612,2012-01-10,2.54
613,2012-01-11,2.54
614,2012-01-12,2.54
615,2012-01-13,2.54
616,2012-01-16,2.54
617,2012-01-17,2.54
618,2012-01-18,2.69
619,2012-01-19,2.69
620,2012-01-20,2.69
621,2012-01-23,2.69
622,2012-01-24,2.69
623,2012-01-25,2.8
624,2012-01-26,2.8
625,2012-01-27,2.8
626,2012-01-30,2.8
627,2012-01-31,2.88
628,2012-02-01,2.88
629,2012-02-02,2.88
630,2012-02-03,2.88
631,2012-02-06,2.88
632,2012-02-07,2.88
633,2012-02-08,3.11
634,2012-02-09,3.11
635,2012-02-10,3.11
636,2012-02-13,3.11
637,2012-02-14,3.22
638,2012-02-15,3.22
639,2012-02-16,3.22
640,2012-02-17,3.22
641,2012-02-20,3.22
642,2012-02-21,3.16
643,2012-02-22,3.16
644,2012-02-23,3.16
645,2012-02-24,3.16
646,2012-02-27,3.16
647,2012-02-28,3.16
648,2012-02-29,3.16
649,2012-03-01,3.14
650,2012-03-02,3.14
651,2012-03-05,3.14
652,2012-03-06,3.14
653,2012-03-07,3.13
654,2012-03-08,3.13
655,2012-03-09,3.13
656,2012-03-12,3.13
657,2012-03-13,3.08
658,2012-03-14,3.08
659,2012-03-15,3.08
660,2012-03-16,3.08
661,2012-03-19,3.08
662,2012-03-20,3.1
663,2012-03-21,3.1
664,2012-03-22,3.1
665,2012-03-23,3.1
666,2012-03-26,3.1
667,2012-03-27,3.1
668,2012-03-28,3.08
669,2012-03-29,3.08
670,2012-03-30,3.08
671,2012-04-02,3.08
672,2012-04-03,3.32
673,2012-04-04,3.32
674,2012-04-05,3.32
675,2012-04-06,3.32
676,2012-04-09,3.32
677,2012-04-10,3.32
678,2012-04-11,3.32
679,2012-04-12,3.32
680,2012-04-13,3.35
681,2012-04-16,3.35
682,2012-04-17,3.32
683,2012-04-18,3.32
684,2012-04-19,3.32
685,2012-04-20,3.32
686,2012-04-23,3.32
687,2012-04-24,3.32
688,2012-04-25,3.32
689,2012-04-26,3.32
690,2012-04-27,3.25
691,2012-04-30,3.25
692,2012-05-01,3.25
693,2012-05-02,3.25
694,2012-05-03,3.25
695,2012-05-04,3.25
696,2012-05-07,3.25
697,2012-05-08,3.37
698,2012-05-09,3.37
699,2012-05-10,3.37
700,2012-05-11,3.37
701,2012-05-14,3.37
702,2012-05-15,3.43
703,2012-05-16,3.43
704,2012-05-17,3.43
705,2012-05-18,3.43
706,2012-05-21,3.43
707,2012-05-22,3.4
708,2012-05-23,3.4
709,2012-05-24,3.4
710,2012-05-25,3.4
711,2012-05-28,3.4
712,2012-05-29,3.35
713,2012-05-30,3.35
714,2012-05-31,3.35
715,2012-06-01,3.35
716,2012-06-04,3.35
717,2012-06-05,3.34
718,2012-06-06,3.34
719,2012-06-07,3.34
720,2012-06-08,3.34
721,2012-06-11,3.34
722,2012-06-12,3.4
723,2012-06-13,3.4
724,2012-06-14,3.4
725,2012-06-15,3.4
726,2012-06-18,3.4
727,2012-06-19,3.4
728,2012-06-20,3.4
729,2012-06-21,3.46
730,2012-06-22,3.46
731,2012-06-25,3.46
732,2012-06-26,3.46
733,2012-06-27,3.46
734,2012-06-28,3.46
735,2012-06-29,3.46
736,2012-07-02,3.46
737,2012-07-03,3.46
738,2012-07-04,3.46
739,2012-07-05,3.46
740,2012-07-06,3.72
741,2012-07-09,3.72
742,2012-07-10,3.72
743,2012-07-11,3.88
744,2012-07-12,3.88
745,2012-07-13,3.88
746,2012-07-16,3.88
747,2012-07-17,3.88
748,2012-07-18,3.88
749,2012-07-19,3.88
750,2012-07-20,3.88
751,2012-07-23,3.88
752,2012-07-24,4.03
753,2012-07-25,4.03
754,2012-07-26,4.03
755,2012-07-27,4.03
756,2012-07-30,4.03
757,2012-07-31,4.03
758,2012-08-01,4.04
759,2012-08-02,4.04
760,2012-08-03,4.04
761,2012-08-06,4.04
762,2012-08-07,4.04
763,2012-08-08,4.04
764,2012-08-09,4.04
765,2012-08-10,4.03
766,2012-08-13,4.03
767,2012-08-14,4.03
768,2012-08-15,4.03
769,2012-08-16,4.03
770,2012-08-17,4.03
771,2012-08-20,4.03
772,2012-08-21,4.03
773,2012-08-22,4.03
774,2012-08-23,4.03
775,2012-08-24,4.03
776,2012-08-27,4.03
777,2012-08-28,4.03
778,2012-08-29,3.86
779,2012-08-30,3.86
780,2012-08-31,3.86
781,2012-09-03,3.86
782,2012-09-04,3.86
783,2012-09-05,3.9
784,2012-09-06,3.9
785,2012-09-07,3.9
786,2012-09-10,3.9
787,2012-09-11,3.93
788,2012-09-12,3.93
789,2012-09-13,3.93
790,2012-09-14,3.93
791,2012-09-17,3.93
792,2012-09-18,4.08
793,2012-09-19,4.08
794,2012-09-20,4.08
795,2012-09-21,4.08
796,2012-09-24,4.08
797,2012-09-25,4.14
798,2012-09-26,4.14
799,2012-09-27,4.14
800,2012-09-28,4.14
801,2012-10-01,4.14
802,2012-10-02,4.18
803,2012-10-03,4.18
804,2012-10-04,4.18
805,2012-10-05,4.18
806,2012-10-08,4.18
807,2012-10-09,4.18
808,2012-10-10,4.18
809,2012-10-11,4.18
810,2012-10-12,4.18
811,2012-10-15,4.12
812,2012-10-16,4.12
813,2012-10-17,4.12
814,2012-10-18,4.12
815,2012-10-19,4.12
816,2012-10-22,4.12
817,2012-10-23,4.12
818,2012-10-24,4.03
819,2012-10-25,4.03
820,2012-10-26,4.03
821,2012-10-29,4.03
822,2012-10-30,4.03
823,2012-10-31,4.03
824,2012-11-01,4.03
825,2012-11-02,4.03
826,2012-11-05,4.0
827,2012-11-06,4.0
828,2012-11-07,4.0
829,2012-11-08,4.0
830,2012-11-09,4.01
831,2012-11-12,4.01
832,2012-11-13,4.01
833,2012-11-14,4.06
834,2012-11-15,4.06
835,2012-11-16,4.06
836,2012-11-19,4.06
837,2012-11-20,4.06
838,2012-11-21,4.06
839,2012-11-22,3.95
840,2012-11-23,3.95
841,2012-11-26,3.95
842,2012-11-27,3.95
843,2012-11-28,3.95
844,2012-11-29,4.12
845,2012-11-30,4.12
846,2012-12-03,4.12
847,2012-12-04,4.12
848,2012-12-05,3.95
849,2012-12-06,3.95
850,2012-12-07,3.95
851,2012-12-10,3.95
852,2012-12-11,4.08
853,2012-12-12,4.08
854,2012-12-13,4.08
855,2012-12-14,4.08
856,2012-12-17,4.08
857,2012-12-18,4.08
858,2012-12-19,4.03
859,2012-12-20,4.03
860,2012-12-21,4.03
861,2012-12-24,4.03
862,2012-12-25,4.03
863,2012-12-26,4.03
864,2012-12-27,4.03
865,2012-12-28,4.03
866,2012-12-31,4.03
867,2013-01-01,4.03
868,2013-01-02,4.03
869,2013-01-03,4.05
870,2013-01-04,4.05
871,2013-01-07,4.05
872,2013-01-08,3.92
873,2013-01-09,3.92
874,2013-01-10,3.92
875,2013-01-11,3.92
876,2013-01-14,3.92
877,2013-01-15,3.86
878,2013-01-16,3.86
879,2013-01-17,3.86
880,2013-01-18,3.86
881,2013-01-21,3.86
882,2013-01-22,3.86
883,2013-01-23,3.75
884,2013-01-24,3.75
885,2013-01-25,3.75
886,2013-01-28,3.75
887,2013-01-29,3.75
888,2013-01-30,3.91
889,2013-01-31,3.91
890,2013-02-01,3.91
891,2013-02-04,3.91
892,2013-02-05,3.9
893,2013-02-06,3.9
894,2013-02-07,3.9
895,2013-02-08,3.9
896,2013-02-11,3.9
897,2013-02-12,3.9
898,2013-02-13,3.78
899,2013-02-14,3.78
900,2013-02-15,3.78
901,2013-02-18,3.78
902,2013-02-19,3.63
903,2013-02-20,3.63
904,2013-02-21,3.63
905,2013-02-22,3.63
906,2013-02-25,3.63
907,2013-02-26,3.68
908,2013-02-27,3.68
909,2013-02-28,3.68
910,2013-03-01,3.68
911,2013-03-04,3.68
912,2013-03-05,3.68
913,2013-03-06,3.65
914,2013-03-07,3.65
915,2013-03-08,3.65
916,2013-03-11,3.65
917,2013-03-12,3.5
918,2013-03-13,3.5
919,2013-03-14,3.5
920,2013-03-15,3.5
921,2013-03-18,3.5
922,2013-03-19,3.5
923,2013-03-20,3.2
924,2013-03-21,3.2
925,2013-03-22,3.2
926,2013-03-25,3.2
927,2013-03-26,3.2
928,2013-03-27,2.95
929,2013-03-28,2.95
930,2013-03-29,2.95
931,2013-04-01,2.95
932,2013-04-02,2.95
933,2013-04-03,2.95
934,2013-04-04,2.95
935,2013-04-05,2.95
936,2013-04-08,2.95
937,2013-04-09,2.95
938,2013-04-10,3.08
939,2013-04-11,3.08
940,2013-04-12,3.08
941,2013-04-15,3.08
942,2013-04-16,3.08
943,2013-04-17,2.96
944,2013-04-18,2.96
945,2013-04-19,2.96
946,2013-04-22,2.96
947,2013-04-23,2.96
948,2013-04-24,2.96
949,2013-04-25,2.96
950,2013-04-26,2.96
951,2013-04-29,2.99
952,2013-04-30,3.07
953,2013-05-01,3.07
954,2013-05-02,3.07
955,2013-05-03,3.07
956,2013-05-06,3.07
957,2013-05-07,3.14
958,2013-05-08,3.14
959,2013-05-09,3.14
960,2013-05-10,3.14
961,2013-05-13,3.14
962,2013-05-14,3.1
963,2013-05-15,3.1
964,2013-05-16,3.1
965,2013-05-17,3.1
966,2013-05-20,3.1
967,2013-05-21,3.11
968,2013-05-22,3.11
969,2013-05-23,3.11
970,2013-05-24,3.11
971,2013-05-27,3.11
972,2013-05-28,2.99
973,2013-05-29,2.99
974,2013-05-30,2.99
975,2013-05-31,2.99
976,2013-06-03,2.99
977,2013-06-04,2.99
978,2013-06-05,2.99
979,2013-06-06,2.99
980,2013-06-07,2.88
981,2013-06-10,2.88
982,2013-06-11,2.88
983,2013-06-12,2.88
984,2013-06-13,2.91
985,2013-06-14,2.91
986,2013-06-17,2.91
987,2013-06-18,2.91
988,2013-06-19,2.91
989,2013-06-20,2.88
990,2013-06-21,2.88
991,2013-06-24,2.88
992,2013-06-25,2.88
993,2013-06-26,2.88
994,2013-06-27,2.88
995,2013-06-28,2.88
996,2013-07-01,2.96
997,2013-07-02,3.16
998,2013-07-03,3.16
999,2013-07-04,3.16
1000,2013-07-05,3.16
1001,2013-07-08,3.16
1002,2013-07-09,3.24
1003,2013-07-10,3.24
1004,2013-07-11,3.24
1005,2013-07-12,3.24
1006,2013-07-15,3.24
1007,2013-07-16,3.39
1008,2013-07-17,3.39
1009,2013-07-18,3.39
1010,2013-07-19,3.39
1011,2013-07-22,3.39
1012,2013-07-23,3.85
1013,2013-07-24,3.85
1014,2013-07-25,3.85
1015,2013-07-26,3.85
1016,2013-07-29,3.85
1017,2013-07-30,3.75
1018,2013-07-31,3.75
1019,2013-08-01,3.75
1020,2013-08-02,3.75
1021,2013-08-05,3.75
1022,2013-08-06,3.79
1023,2013-08-07,3.79
1024,2013-08-08,3.79
1025,2013-08-09,3.79
1026,2013-08-12,3.79
1027,2013-08-13,3.79
1028,2013-08-14,3.79
1029,2013-08-15,3.86
1030,2013-08-16,3.86
1031,2013-08-19,3.86
1032,2013-08-20,3.81
1033,2013-08-21,3.81
1034,2013-08-22,3.81
1035,2013-08-23,3.81
1036,2013-08-26,3.81
1037,2013-08-27,3.95
1038,2013-08-28,3.95
1039,2013-08-29,3.95
1040,2013-08-30,3.95
1041,2013-09-02,3.95
1042,2013-09-03,3.95
1043,2013-09-04,3.95
1044,2013-09-05,3.83
1045,2013-09-06,3.83
1046,2013-09-09,3.83
1047,2013-09-10,3.7
1048,2013-09-11,3.7
1049,2013-09-12,3.7
1050,2013-09-13,3.7
1051,2013-09-16,3.7
1052,2013-09-17,3.65
1053,2013-09-18,3.65
1054,2013-09-19,3.65
1055,2013-09-20,3.65
1056,2013-09-23,3.65
1057,2013-09-24,3.72
1058,2013-09-25,3.72
1059,2013-09-26,3.72
1060,2013-09-27,3.72
1061,2013-09-30,3.72
1062,2013-10-01,3.84
1063,2013-10-02,3.84
1064,2013-10-03,3.84
1065,2013-10-04,3.84
1066,2013-10-07,3.84
1067,2013-10-08,3.55
1068,2013-10-09,3.55
1069,2013-10-10,3.55
1070,2013-10-11,3.55
1071,2013-10-14,3.55
1072,2013-10-15,3.55
1073,2013-10-16,3.55
1074,2013-10-17,3.55
1075,2013-10-18,3.34
1076,2013-10-21,3.34
1077,2013-10-22,3.34
1078,2013-10-23,2.88
1079,2013-10-24,2.88
1080,2013-10-25,2.88
1081,2013-10-28,2.88
1082,2013-10-29,2.78
1083,2013-10-30,2.78
1084,2013-10-31,2.78
1085,2013-11-01,2.78
1086,2013-11-04,2.78
1087,2013-11-05,2.78
1088,2013-11-06,3.18
1089,2013-11-07,3.18
1090,2013-11-08,3.18
1091,2013-11-11,3.18
1092,2013-11-12,3.18
1093,2013-11-13,3.02
1094,2013-11-14,3.02
1095,2013-11-15,3.02
1096,2013-11-18,3.02
1097,2013-11-19,3.02
1098,2013-11-20,3.14
1099,2013-11-21,3.14
1100,2013-11-22,3.14
1101,2013-11-25,3.14
1102,2013-11-26,3.14
1103,2013-11-27,3.32
1104,2013-11-28,3.32
1105,2013-11-29,3.32
1106,2013-12-02,3.32
1107,2013-12-03,3.32
1108,2013-12-04,3.32
1109,2013-12-05,3.32
1110,2013-12-06,3.3
1111,2013-12-09,3.3
1112,2013-12-10,3.3
1113,2013-12-11,3.3
1114,2013-12-12,3.3
1115,2013-12-13,3.3
1116,2013-12-16,3.3
1117,2013-12-17,3.3
1118,2013-12-18,3.3
1119,2013-12-19,3.3
1120,2013-12-20,3.3
1121,2013-12-23,3.3
1122,2013-12-24,3.3
1123,2013-12-25,3.3
1124,2013-12-26,3.3
1125,2013-12-27,3.3
1126,2013-12-30,3.3
1127,2013-12-31,3.3
1128,2014-01-01,3.3
1129,2014-01-02,3.3
1130,2014-01-03,3.3
1131,2014-01-06,3.3
1132,2014-01-07,3.3
1133,2014-01-08,3.3
1134,2014-01-09,3.3
1135,2014-01-10,3.3
1136,2014-01-13,3.3
1137,2014-01-14,3.3
1138,2014-01-15,3.3
1139,2014-01-16,3.3
1140,2014-01-17,3.3
1141,2014-01-20,3.3
1142,2014-01-21,3.3
1143,2014-01-22,3.3
1144,2014-01-23,3.3
1145,2014-01-24,3.3
1146,2014-01-27,3.94
1147,2014-01-28,3.94
1148,2014-01-29,3.66
1149,2014-01-30,3.66
1150,2014-01-31,3.66
1151,2014-02-03,3.66
1152,2014-02-04,3.66
1153,2014-02-05,3.66
1154,2014-02-06,3.66
1155,2014-02-07,3.66
1156,2014-02-10,3.66
1157,2014-02-11,3.66
1158,2014-02-12,3.66
1159,2014-02-13,3.66
1160,2014-02-14,3.66
1161,2014-02-17,3.66
1162,2014-02-18,3.66
1163,2014-02-19,3.66
1164,2014-02-20,3.66
1165,2014-02-21,3.66
1166,2014-02-24,3.66
1167,2014-02-25,3.66
1168,2014-02-26,3.66
1169,2014-02-27,2.93
1170,2014-02-28,2.93
1171,2014-03-03,2.93
1172,2014-03-04,2.93
1173,2014-03-05,2.93
1174,2014-03-06,2.93
1175,2014-03-07,2.93
1176,2014-03-10,2.88
1177,2014-03-11,2.88
1178,2014-03-12,2.88
1179,2014-03-13,2.88
1180,2014-03-14,2.88
1181,2014-03-17,2.88
1182,2014-03-18,2.88
1183,2014-03-19,2.88
1184,2014-03-20,2.71
1185,2014-03-21,2.71
1186,2014-03-24,2.71
1187,2014-03-25,2.71
1188,2014-03-26,2.71
1189,2014-03-27,2.71
1190,2014-03-28,2.76
1191,2014-03-31,2.76
1192,2014-04-01,2.76
1193,2014-04-02,2.76
1194,2014-04-03,2.76
1195,2014-04-04,2.76
1196,2014-04-07,2.61
1197,2014-04-08,2.61
1198,2014-04-09,2.61
1199,2014-04-10,2.61
1200,2014-04-11,2.6
1201,2014-04-14,2.6
1202,2014-04-15,2.6
1203,2014-04-16,2.6
1204,2014-04-17,2.6
1205,2014-04-18,2.6
1206,2014-04-21,2.6
1207,2014-04-22,2.63
1208,2014-04-23,2.63
1209,2014-04-24,2.63
1210,2014-04-25,2.63
1211,2014-04-28,2.63
1212,2014-04-29,2.63
1213,2014-04-30,2.63
1214,2014-05-01,2.63
1215,2014-05-02,2.63
1216,2014-05-05,2.34
1217,2014-05-06,2.34
1218,2014-05-07,2.34
1219,2014-05-08,2.34
1220,2014-05-09,2.34
1221,2014-05-12,2.34
1222,2014-05-13,2.34
1223,2014-05-14,2.34
1224,2014-05-15,2.26
1225,2014-05-16,2.26
1226,2014-05-19,2.26
1227,2014-05-20,2.26
1228,2014-05-21,2.26
1229,2014-05-22,2.26
1230,2014-05-23,2.26
1231,2014-05-26,2.26
1232,2014-05-27,2.26
1233,2014-05-28,2.26
1234,2014-05-29,2.26
1235,2014-05-30,2.28
1236,2014-06-02,2.28
1237,2014-06-03,2.28
1238,2014-06-04,2.28
1239,2014-06-05,2.28
1240,2014-06-06,2.28
1241,2014-06-09,2.28
1242,2014-06-10,2.28
1243,2014-06-11,2.28
1244,2014-06-12,2.28
1245,2014-06-13,2.28
1246,2014-06-16,2.28
1247,2014-06-17,2.28
1248,2014-06-18,2.28
1249,2014-06-19,2.28
1250,2014-06-20,2.28
1251,2014-06-23,2.28
1252,2014-06-24,2.28
1253,2014-06-25,2.28
1254,2014-06-26,2.28
1255,2014-06-27,2.28
1256,2014-06-30,2.28
1257,2014-07-01,2.28
1258,2014-07-02,2.28
1259,2014-07-03,2.28
1260,2014-07-04,2.28
1261,2014-07-07,2.24
1262,2014-07-08,2.24
1263,2014-07-09,2.24
1264,2014-07-10,2.24
1265,2014-07-11,2.24
1266,2014-07-14,2.24
1267,2014-07-15,2.24
1268,2014-07-16,2.24
1269,2014-07-17,2.24
1270,2014-07-18,2.24
1271,2014-07-21,2.24
1272,2014-07-22,2.24
1273,2014-07-23,2.52
1274,2014-07-24,2.52
1275,2014-07-25,2.52
1276,2014-07-28,2.52
1277,2014-07-29,2.52
1278,2014-07-30,2.52
1279,2014-07-31,2.52
1280,2014-08-01,2.76
1281,2014-08-04,2.76
1282,2014-08-05,2.76
1283,2014-08-06,3.09
1284,2014-08-07,3.09
1285,2014-08-08,3.09
1286,2014-08-11,3.13
1287,2014-08-12,3.13
1288,2014-08-13,3.13
1289,2014-08-14,3.13
1290,2014-08-15,2.99
1291,2014-08-18,2.99
1292,2014-08-19,2.99
1293,2014-08-20,2.99
1294,2014-08-21,2.99
1295,2014-08-22,2.8
1296,2014-08-25,2.8
1297,2014-08-26,2.8
1298,2014-08-27,2.8
1299,2014-08-28,2.8
1300,2014-08-29,2.56
1301,2014-09-01,2.56
1302,2014-09-02,2.56
1303,2014-09-03,2.56
1304,2014-09-04,2.56
1305,2014-09-05,2.32
1306,2014-09-08,2.32
1307,2014-09-09,2.27
1308,2014-09-10,2.27
1309,2014-09-11,2.27
1310,2014-09-12,2.27
1311,2014-09-15,2.27
1312,2014-09-16,2.27
1313,2014-09-17,2.27
1314,2014-09-18,2.27
1315,2014-09-19,2.34
1316,2014-09-22,2.34
1317,2014-09-23,2.34
1318,2014-09-24,2.34
1319,2014-09-25,2.34
1320,2014-09-26,2.34
1321,2014-09-29,2.34
1322,2014-09-30,2.33
1323,2014-10-01,2.33
1324,2014-10-02,2.33
1325,2014-10-03,2.33
1326,2014-10-06,2.33
1327,2014-10-07,2.3
1328,2014-10-08,2.3
1329,2014-10-09,2.3
1330,2014-10-10,2.3
1331,2014-10-13,2.3
1332,2014-10-14,2.17
1333,2014-10-15,2.17
1334,2014-10-16,2.17
1335,2014-10-17,2.17
1336,2014-10-20,2.17
1337,2014-10-21,2.17
1338,2014-10-22,2.17
1339,2014-10-23,2.17
1340,2014-10-24,2.15
1341,2014-10-27,2.15
1342,2014-10-28,2.15
1343,2014-10-29,2.15
1344,2014-10-30,2.15
1345,2014-10-31,2.14
1346,2014-11-03,2.14
1347,2014-11-04,2.14
1348,2014-11-05,2.13
1349,2014-11-06,2.13
1350,2014-11-07,2.13
1351,2014-11-10,2.13
1352,2014-11-11,2.13
1353,2014-11-12,2.13
1354,2014-11-13,2.13
1355,2014-11-14,2.06
1356,2014-11-17,2.06
1357,2014-11-18,2.06
1358,2014-11-19,2.06
1359,2014-11-20,2.06
1360,2014-11-21,2.26
1361,2014-11-24,2.26
1362,2014-11-25,2.26
1363,2014-11-26,2.14
1364,2014-11-27,2.14
1365,2014-11-28,2.14
1366,2014-12-01,2.14
1367,2014-12-02,2.14
1368,2014-12-03,2.14
1369,2014-12-04,2.14
1370,2014-12-05,2.11
1371,2014-12-08,2.11
1372,2014-12-09,2.11
1373,2014-12-10,2.11
1374,2014-12-11,2.11
1375,2014-12-12,2.11
1376,2014-12-15,2.11
1377,2014-12-16,2.11
1378,2014-12-17,2.11
1379,2014-12-18,2.11
1380,2014-12-19,2.11
1381,2014-12-22,2.11
1382,2014-12-23,1.97
1383,2014-12-24,1.97
1384,2014-12-25,1.97
1385,2014-12-26,1.97
1386,2014-12-29,1.97
1387,2014-12-30,1.97
1388,2014-12-31,1.97
1389,2015-01-01,1.97
1390,2015-01-02,1.97
1391,2015-01-05,1.97
1392,2015-01-06,1.97
1393,2015-01-07,1.97
1394,2015-01-08,1.97
1395,2015-01-09,1.97
1396,2015-01-12,2.01
1397,2015-01-13,2.01
1398,2015-01-14,2.01
1399,2015-01-15,2.01
1400,2015-01-16,2.22
1401,2015-01-19,2.22
1402,2015-01-20,2.41
1403,2015-01-21,2.41
1404,2015-01-22,2.41
1405,2015-01-23,2.41
1406,2015-01-26,2.41
1407,2015-01-27,2.41
1408,2015-01-28,2.48
1409,2015-01-29,2.48
1410,2015-01-30,2.48
1411,2015-02-02,2.48
1412,2015-02-03,2.48
1413,2015-02-04,2.21
1414,2015-02-05,2.21
1415,2015-02-06,2.21
1416,2015-02-09,2.21
1417,2015-02-10,2.19
1418,2015-02-11,2.19
1419,2015-02-12,2.19
1420,2015-02-13,2.19
1421,2015-02-16,2.19
1422,2015-02-17,2.19
1423,2015-02-18,2.19
1424,2015-02-19,2.19
1425,2015-02-20,2.28
1426,2015-02-23,2.28
1427,2015-02-24,2.28
1428,2015-02-25,2.28
1429,2015-02-26,2.28
1430,2015-02-27,2.28
1431,2015-03-02,2.21
1432,2015-03-03,2.21
1433,2015-03-04,2.21
1434,2015-03-05,2.21
1435,2015-03-06,2.76
1436,2015-03-09,2.76
1437,2015-03-10,2.76
1438,2015-03-11,2.76
1439,2015-03-12,2.76
1440,2015-03-13,2.75
1441,2015-03-16,2.75
1442,2015-03-17,2.75
1443,2015-03-18,2.75
1444,2015-03-19,2.75
1445,2015-03-20,2.89
1446,2015-03-23,2.89
1447,2015-03-24,2.89
1448,2015-03-25,2.89
1449,2015-03-26,2.89
1450,2015-03-27,2.81
1451,2015-03-30,2.81
1452,2015-03-31,2.81
1453,2015-04-01,2.81
1454,2015-04-02,2.72
1455,2015-04-03,2.72
1456,2015-04-06,2.72
1457,2015-04-07,2.72
1458,2015-04-08,2.72
1459,2015-04-09,2.72
1460,2015-04-10,2.68
1461,2015-04-13,2.68
1462,2015-04-14,2.68
1463,2015-04-15,2.68
1464,2015-04-16,2.68
1465,2015-04-17,2.63
1466,2015-04-20,2.63
1467,2015-04-21,2.63
1468,2015-04-22,2.63
1469,2015-04-23,2.63
1470,2015-04-24,2.79
1471,2015-04-27,2.79
1472,2015-04-28,2.79
1473,2015-04-29,2.79
1474,2015-04-30,2.79
1475,2015-05-01,2.79
1476,2015-05-04,2.79
1477,2015-05-05,3.12
1478,2015-05-06,3.12
1479,2015-05-07,3.12
1480,2015-05-08,3.04
1481,2015-05-11,3.04
1482,2015-05-12,3.07
1483,2015-05-13,3.07
1484,2015-05-14,3.07
1485,2015-05-15,3.07
1486,2015-05-18,3.07
1487,2015-05-19,3.07
1488,2015-05-20,3.07
1489,2015-05-21,3.07
1490,2015-05-22,3.02
1491,2015-05-25,3.02
1492,2015-05-26,3.02
1493,2015-05-27,3.02
1494,2015-05-28,3.02
1495,2015-05-29,3.09
1496,2015-06-01,3.09
1497,2015-06-02,3.17
1498,2015-06-03,3.17
1499,2015-06-04,3.17
1500,2015-06-05,3.17
1501,2015-06-08,3.17
1502,2015-06-09,3.17
1503,2015-06-10,3.17
1504,2015-06-11,3.17
1505,2015-06-12,3.23
1506,2015-06-15,3.23
1507,2015-06-16,3.23
1508,2015-06-17,3.23
1509,2015-06-18,3.23
1510,2015-06-19,3.33
1511,2015-06-22,3.33
1512,2015-06-23,3.33
1513,2015-06-24,3.33
1514,2015-06-25,3.33
1515,2015-06-26,3.48
1516,2015-06-29,3.48
1517,2015-06-30,3.48
1518,2015-07-01,3.51
1519,2015-07-02,3.51
1520,2015-07-03,3.51
1521,2015-07-06,3.51
1522,2015-07-07,3.51
1523,2015-07-08,3.51
1524,2015-07-09,3.51
1525,2015-07-10,3.56
1526,2015-07-13,3.56
1527,2015-07-14,3.56
1528,2015-07-15,3.56
1529,2015-07-16,3.62
1530,2015-07-17,3.62
1531,2015-07-20,3.62
1532,2015-07-21,3.67
1533,2015-07-22,3.67
1534,2015-07-23,3.67
1535,2015-07-24,3.67
1536,2015-07-27,3.67
1537,2015-07-28,3.72
1538,2015-07-29,3.72
1539,2015-07-30,3.72
1540,2015-07-31,3.72
1541,2015-08-03,3.72
1542,2015-08-04,3.68
1543,2015-08-05,3.68
1544,2015-08-06,3.68
1545,2015-08-07,3.68
1546,2015-08-10,3.68
1547,2015-08-11,3.68
1548,2015-08-12,3.73
1549,2015-08-13,3.73
1550,2015-08-14,3.73
1551,2015-08-17,3.73
1552,2015-08-18,3.73
1553,2015-08-19,3.73
1554,2015-08-20,3.73
1555,2015-08-21,3.76
1556,2015-08-24,3.76
1557,2015-08-25,3.76
1558,2015-08-26,3.68
1559,2015-08-27,3.68
1560,2015-08-28,3.68
1561,2015-08-31,3.68
1562,2015-09-01,3.68
1563,2015-09-02,3.8
1564,2015-09-03,3.8
1565,2015-09-04,3.8
1566,2015-09-07,3.8
1567,2015-09-08,3.8
1568,2015-09-09,3.8
1569,2015-09-10,3.8
1570,2015-09-11,4.05
1571,2015-09-14,4.05
1572,2015-09-15,4.05
1573,2015-09-16,4.05
1574,2015-09-17,4.05
1575,2015-09-18,3.95
1576,2015-09-21,3.95
1577,2015-09-22,3.95
1578,2015-09-23,3.95
1579,2015-09-24,3.95
1580,2015-09-25,4.01
1581,2015-09-28,4.01
1582,2015-09-29,4.01
1583,2015-09-30,4.01
1584,2015-10-01,4.01
1585,2015-10-02,3.86
1586,2015-10-05,3.86
1587,2015-10-06,3.86
1588,2015-10-07,3.88
1589,2015-10-08,3.88
1590,2015-10-09,3.88
1591,2015-10-12,3.88
1592,2015-10-13,3.88
1593,2015-10-14,3.88
1594,2015-10-15,3.88
1595,2015-10-16,3.86
1596,2015-10-19,3.86
1597,2015-10-20,3.86
1598,2015-10-21,3.86
1599,2015-10-22,3.86
1600,2015-10-23,3.76
1601,2015-10-26,3.76
1602,2015-10-27,3.76
1603,2015-10-28,3.76
1604,2015-10-29,3.76
1605,2015-10-30,4.02
1606,2015-11-02,4.02
1607,2015-11-03,4.02
1608,2015-11-04,4.02
1609,2015-11-05,4.02
1610,2015-11-06,3.67
1611,2015-11-09,3.67
1612,2015-11-10,3.67
1613,2015-11-11,3.67
1614,2015-11-12,3.67
1615,2015-11-13,3.43
1616,2015-11-16,3.43
1617,2015-11-17,3.43
1618,2015-11-18,3.43
1619,2015-11-19,3.43
1620,2015-11-20,3.37
1621,2015-11-23,3.37
1622,2015-11-24,3.37
1623,2015-11-25,3.37
1624,2015-11-26,3.37
1625,2015-11-27,3.35
1626,2015-11-30,3.35
1627,2015-12-01,3.35
1628,2015-12-02,3.3
1629,2015-12-03,3.3
1630,2015-12-04,3.3
1631,2015-12-07,3.3
1632,2015-12-08,3.3
1633,2015-12-09,3.3
1634,2015-12-10,3.3
1635,2015-12-11,3.16
1636,2015-12-14,3.16
1637,2015-12-15,3.16
1638,2015-12-16,3.22
1639,2015-12-17,3.22
1640,2015-12-18,3.22
1641,2015-12-21,3.22
1642,2015-12-22,3.22
1643,2015-12-23,3.22
1644,2015-12-24,3.22
1645,2015-12-25,3.22
1646,2015-12-28,3.22
1647,2015-12-29,3.22
1648,2015-12-30,3.22
1649,2015-12-31,3.22
1650,2016-01-01,3.22
1651,2016-01-04,3.22
1652,2016-01-05,3.22
1653,2016-01-06,3.22
1654,2016-01-07,3.22
1655,2016-01-08,3.2
1656,2016-01-11,3.2
1657,2016-01-12,3.2
1658,2016-01-13,3.2
1659,2016-01-14,3.2
1660,2016-01-15,3.17
1661,2016-01-18,3.17
1662,2016-01-19,3.17
1663,2016-01-20,3.17
1664,2016-01-21,3.17
1665,2016-01-22,3.16
1666,2016-01-25,3.16
1667,2016-01-26,3.16
1668,2016-01-27,3.16
1669,2016-01-28,3.16
1670,2016-01-29,3.16
1671,2016-02-01,3.16
1672,2016-02-02,3.16
1673,2016-02-03,3.16
1674,2016-02-04,3.16
1675,2016-02-05,3.04
1676,2016-02-08,3.04
1677,2016-02-09,3.04
1678,2016-02-10,3.04
1679,2016-02-11,3.04
1680,2016-02-12,2.93
1681,2016-02-15,2.93
1682,2016-02-16,2.93
1683,2016-02-17,2.93
1684,2016-02-18,2.93
1685,2016-02-19,2.93
1686,2016-02-22,2.93
1687,2016-02-23,2.93
1688,2016-02-24,2.93
1689,2016-02-25,2.93
1690,2016-02-26,2.94
1691,2016-02-29,2.94
1692,2016-03-01,2.94
1693,2016-03-02,2.94
1694,2016-03-03,2.94
1695,2016-03-04,2.8
1696,2016-03-07,2.8
1697,2016-03-08,2.8
1698,2016-03-09,2.8
1699,2016-03-10,2.8
1700,2016-03-11,2.77
1701,2016-03-14,2.77
1702,2016-03-15,2.77
1703,2016-03-16,2.77
1704,2016-03-17,2.77
1705,2016-03-18,2.72
1706,2016-03-21,2.72
1707,2016-03-22,2.72
1708,2016-03-23,2.72
1709,2016-03-24,2.72
1710,2016-03-25,2.49
1711,2016-03-28,2.49
1712,2016-03-29,2.49
1713,2016-03-30,2.49
1714,2016-03-31,2.49
1715,2016-04-01,2.45
1716,2016-04-04,2.45
1717,2016-04-05,2.45
1718,2016-04-06,2.45
1719,2016-04-07,2.45
1720,2016-04-08,2.45
1721,2016-04-11,2.27
1722,2016-04-12,2.12
1723,2016-04-13,2.12
1724,2016-04-14,2.12
1725,2016-04-15,2.12
1726,2016-04-18,2.12
1727,2016-04-19,2.12
1728,2016-04-20,2.12
1729,2016-04-21,2.12
1730,2016-04-22,2.37
1731,2016-04-25,2.37
1732,2016-04-26,2.37
1733,2016-04-27,2.37
1734,2016-04-28,2.43
1735,2016-04-29,2.43
1736,2016-05-02,2.43
1737,2016-05-03,2.43
1738,2016-05-04,2.43
1739,2016-05-05,2.45
1740,2016-05-06,2.45
1741,2016-05-09,2.45
1742,2016-05-10,2.45
1743,2016-05-11,2.47
1744,2016-05-12,2.47
1745,2016-05-13,2.47
1746,2016-05-16,2.47
1747,2016-05-17,2.47
1748,2016-05-18,2.47
1749,2016-05-19,2.47
1750,2016-05-20,2.47
1751,2016-05-23,2.47
1752,2016-05-24,2.47
1753,2016-05-25,2.57
1754,2016-05-26,2.57
1755,2016-05-27,2.57
1756,2016-05-30,2.57
1757,2016-05-31,2.86
1758,2016-06-01,2.86
1759,2016-06-02,2.86
1760,2016-06-03,2.86
1761,2016-06-06,2.86
1762,2016-06-07,2.86
1763,2016-06-08,2.86
1764,2016-06-09,2.86
1765,2016-06-10,2.86
1766,2016-06-13,2.86
1767,2016-06-14,2.86
1768,2016-06-15,2.86
1769,2016-06-16,2.86
1770,2016-06-17,3.04
1771,2016-06-20,3.04
1772,2016-06-21,3.04
1773,2016-06-22,3.14
1774,2016-06-23,3.14
1775,2016-06-24,3.14
1776,2016-06-27,3.14
1777,2016-06-28,3.14
1778,2016-06-29,3.14
1779,2016-06-30,3.14
1780,2016-07-01,3.14
1781,2016-07-04,3.14
1782,2016-07-05,3.16
1783,2016-07-06,3.16
1784,2016-07-07,3.16
1785,2016-07-08,3.16
1786,2016-07-11,3.16
1787,2016-07-12,3.15
1788,2016-07-13,3.15
1789,2016-07-14,3.15
1790,2016-07-15,3.15
1791,2016-07-18,3.15
1792,2016-07-19,3.1
1793,2016-07-20,3.1
1794,2016-07-21,3.1
1795,2016-07-22,3.1
1796,2016-07-25,3.1
1797,2016-07-26,2.94
1798,2016-07-27,2.94
1799,2016-07-28,2.94
1800,2016-07-29,2.94
1801,2016-08-01,2.94
1802,2016-08-02,2.93
1803,2016-08-03,2.93
1804,2016-08-04,2.93
1805,2016-08-05,2.93
1806,2016-08-08,2.93
1807,2016-08-09,2.93
1808,2016-08-10,2.93
1809,2016-08-11,2.88
1810,2016-08-12,2.88
1811,2016-08-15,2.88
1812,2016-08-16,2.88
1813,2016-08-17,2.88
1814,2016-08-18,2.88
1815,2016-08-19,2.94
1816,2016-08-22,2.94
1817,2016-08-23,2.94
1818,2016-08-24,2.94
1819,2016-08-25,2.9
1820,2016-08-26,2.9
1821,2016-08-29,2.9
1822,2016-08-30,2.9
1823,2016-08-31,2.93
1824,2016-09-01,2.93
1825,2016-09-02,2.93
1826,2016-09-05,2.93
1827,2016-09-06,3.03
1828,2016-09-07,3.03
1829,2016-09-08,3.03
1830,2016-09-09,3.03
1831,2016-09-12,3.03
1832,2016-09-13,3.13
1833,2016-09-14,3.13
1834,2016-09-15,3.13
1835,2016-09-16,3.13
1836,2016-09-19,3.13
1837,2016-09-20,3.13
1838,2016-09-21,3.29
1839,2016-09-22,3.29
1840,2016-09-23,3.29
1841,2016-09-26,3.29
1842,2016-09-27,3.29
1843,2016-09-28,3.29
1844,2016-09-29,3.29
1845,2016-09-30,3.47
1846,2016-10-03,3.47
1847,2016-10-04,3.58
1848,2016-10-05,3.58
1849,2016-10-06,3.58
1850,2016-10-07,3.58
1851,2016-10-10,3.58
1852,2016-10-11,3.51
1853,2016-10-12,3.51
1854,2016-10-13,3.51
1855,2016-10-14,3.51
1856,2016-10-17,3.51
1857,2016-10-18,3.35
1858,2016-10-19,3.35
1859,2016-10-20,3.35
1860,2016-10-21,3.35
1861,2016-10-24,3.35
1862,2016-10-25,3.63
1863,2016-10-26,3.63
1864,2016-10-27,3.63
1865,2016-10-28,3.63
1866,2016-10-31,3.63
1867,2016-11-01,3.69
1868,2016-11-02,3.69
1869,2016-11-03,3.69
1870,2016-11-04,3.69
1871,2016-11-07,3.69
1872,2016-11-08,3.59
1873,2016-11-09,3.59
1874,2016-11-10,3.59
1875,2016-11-11,3.59
1876,2016-11-14,3.59
1877,2016-11-15,3.57
1878,2016-11-16,3.57
1879,2016-11-17,3.57
1880,2016-11-18,3.57
1881,2016-11-21,3.57
1882,2016-11-22,3.57
1883,2016-11-23,3.68
1884,2016-11-24,3.68
1885,2016-11-25,3.68
1886,2016-11-28,3.68
1887,2016-11-29,3.68
1888,2016-11-30,3.7
1889,2016-12-01,3.7
1890,2016-12-02,3.7
1891,2016-12-05,3.7
1892,2016-12-06,3.7
1893,2016-12-07,3.7
1894,2016-12-08,3.7
1895,2016-12-09,3.63
1896,2016-12-12,3.63
1897,2016-12-13,3.63
1898,2016-12-14,3.63
1899,2016-12-15,3.63
1900,2016-12-16,3.76
1901,2016-12-19,3.76
1902,2016-12-20,3.76
1903,2016-12-21,3.59
1904,2016-12-22,3.59
1905,2016-12-23,3.59
1906,2016-12-26,3.59
1907,2016-12-27,3.59
1908,2016-12-28,3.59
1909,2016-12-29,3.59
1910,2016-12-30,3.59
1911,2017-01-02,3.59
1912,2017-01-03,3.59
1913,2017-01-04,3.59
1914,2017-01-05,3.56
1915,2017-01-06,3.56
1916,2017-01-09,3.56
1917,2017-01-10,3.56
1918,2017-01-11,3.56
1919,2017-01-12,3.56
1920,2017-01-13,3.45
1921,2017-01-16,3.45
1922,2017-01-17,3.45
1923,2017-01-18,3.45
1924,2017-01-19,3.45
1925,2017-01-20,3.53
1926,2017-01-23,3.53
1927,2017-01-24,3.53
1928,2017-01-25,3.53
1929,2017-01-26,3.53
1930,2017-01-27,3.48
1931,2017-01-30,3.48
1932,2017-01-31,3.48
1933,2017-02-01,3.48
1934,2017-02-02,3.48
1935,2017-02-03,3.49
1936,2017-02-06,3.49
1937,2017-02-07,3.49
1938,2017-02-08,3.49
1939,2017-02-09,3.49
1940,2017-02-10,3.38
1941,2017-02-13,3.38
1942,2017-02-14,3.38
1943,2017-02-15,3.29
1944,2017-02-16,3.29
1945,2017-02-17,3.29
1946,2017-02-20,3.29
1947,2017-02-21,3.33
1948,2017-02-22,3.33
1949,2017-02-23,3.33
1950,2017-02-24,3.33
1951,2017-02-27,3.33
1952,2017-02-28,3.16
1953,2017-03-01,3.16
1954,2017-03-02,3.16
1955,2017-03-03,3.16
1956,2017-03-06,3.16
1957,2017-03-07,3.0
1958,2017-03-08,3.0
1959,2017-03-09,3.0
1960,2017-03-10,3.0
1961,2017-03-13,3.0
1962,2017-03-14,2.99
1963,2017-03-15,2.99
1964,2017-03-16,2.99
1965,2017-03-17,2.99
1966,2017-03-20,2.99
1967,2017-03-21,2.97
1968,2017-03-22,2.97
1969,2017-03-23,2.97
1970,2017-03-24,2.97
1971,2017-03-27,2.97
1972,2017-03-28,2.97
1973,2017-03-29,2.95
1974,2017-03-30,2.95
1975,2017-03-31,2.95
1976,2017-04-03,2.95
1977,2017-04-04,2.95
1978,2017-04-05,2.96
1979,2017-04-06,2.96
1980,2017-04-07,2.96
1981,2017-04-10,2.96
1982,2017-04-11,3.04
1983,2017-04-12,3.04
1984,2017-04-13,3.04
1985,2017-04-14,3.04
1986,2017-04-17,3.04
1987,2017-04-18,3.06
1988,2017-04-19,3.06
1989,2017-04-20,3.06
1990,2017-04-21,3.06
1991,2017-04-24,3.06
1992,2017-04-25,3.06
1993,2017-04-26,3.09
1994,2017-04-27,3.09
1995,2017-04-28,3.09
1996,2017-05-01,3.09
1997,2017-05-02,3.09
1998,2017-05-03,3.09
1999,2017-05-04,3.09
2000,2017-05-05,3.09
2001,2017-05-08,3.09
2002,2017-05-09,3.15
2003,2017-05-10,3.15
2004,2017-05-11,3.15
2005,2017-05-12,3.15
2006,2017-05-15,3.15
2007,2017-05-16,3.15
2008,2017-05-17,3.44
2009,2017-05-18,3.44
2010,2017-05-19,3.44
2011,2017-05-22,3.44
2012,2017-05-23,3.48
2013,2017-05-24,3.48
2014,2017-05-25,3.48
2015,2017-05-26,3.48
2016,2017-05-29,3.48
2017,2017-05-30,3.48
2018,2017-05-31,3.48
2019,2017-06-01,3.48
2020,2017-06-02,3.44
2021,2017-06-05,3.44
2022,2017-06-06,3.44
2023,2017-06-07,3.44
2024,2017-06-08,3.44
2025,2017-06-09,3.44
2026,2017-06-12,3.44
2027,2017-06-13,3.44
2028,2017-06-14,3.39
2029,2017-06-15,3.39
2030,2017-06-16,3.39
2031,2017-06-19,3.39
2032,2017-06-20,3.39
2033,2017-06-21,3.39
2034,2017-06-22,3.39
2035,2017-06-23,3.39
2036,2017-06-26,3.41
2037,2017-06-27,3.41
2038,2017-06-28,3.41
2039,2017-06-29,3.41
2040,2017-06-30,3.41
2041,2017-07-03,3.41
2042,2017-07-04,3.41
2043,2017-07-05,3.41
2044,2017-07-06,3.41
2045,2017-07-07,3.41
2046,2017-07-10,3.44
2047,2017-07-11,3.44
2048,2017-07-12,3.38
2049,2017-07-13,3.38
2050,2017-07-14,3.38
2051,2017-07-17,3.38
2052,2017-07-18,3.38
2053,2017-07-19,3.36
2054,2017-07-20,3.36
2055,2017-07-21,3.36
2056,2017-07-24,3.36
2057,2017-07-25,3.36
2058,2017-07-26,3.42
2059,2017-07-27,3.42
2060,2017-07-28,3.42
2061,2017-07-31,3.42
2062,2017-08-01,3.32
2063,2017-08-02,3.32
2064,2017-08-03,3.32
2065,2017-08-04,3.32
2066,2017-08-07,3.32
2067,2017-08-08,3.32
2068,2017-08-09,3.32
2069,2017-08-10,3.32
2070,2017-08-11,3.32
2071,2017-08-14,3.32
2072,2017-08-15,3.32
2073,2017-08-16,3.32
2074,2017-08-17,3.32
2075,2017-08-18,3.3
2076,2017-08-21,3.3
2077,2017-08-22,3.3
2078,2017-08-23,3.3
2079,2017-08-24,3.3
2080,2017-08-25,3.28
2081,2017-08-28,3.28
2082,2017-08-29,3.28
2083,2017-08-30,3.28
2084,2017-08-31,3.28
2085,2017-09-01,3.3
2086,2017-09-04,3.3
2087,2017-09-05,3.3
2088,2017-09-06,3.3
2089,2017-09-07,3.3
2090,2017-09-08,3.35
2091,2017-09-11,3.35
2092,2017-09-12,3.35
2093,2017-09-13,3.72
2094,2017-09-14,3.72
2095,2017-09-15,3.72
2096,2017-09-18,3.72
2097,2017-09-19,3.61
2098,2017-09-20,3.61
2099,2017-09-21,3.61
2100,2017-09-22,3.61
2101,2017-09-25,3.61
2102,2017-09-26,3.61
2103,2017-09-27,3.61
2104,2017-09-28,3.74
2105,2017-09-29,3.74
2106,2017-10-02,3.74
2107,2017-10-03,3.74
2108,2017-10-04,3.74
2109,2017-10-05,3.74
2110,2017-10-06,3.74
2111,2017-10-09,3.74
2112,2017-10-10,3.74
2113,2017-10-11,3.74
2114,2017-10-12,3.74
2115,2017-10-13,3.69
2116,2017-10-16,3.69
2117,2017-10-17,3.69
2118,2017-10-18,3.69
2119,2017-10-19,3.69
2120,2017-10-20,3.44
2121,2017-10-23,3.44
2122,2017-10-24,3.44
2123,2017-10-25,3.44
2124,2017-10-26,3.44
2125,2017-10-27,3.44
2126,2017-10-30,3.59
2127,2017-10-31,3.59
2128,2017-11-01,3.59
2129,2017-11-02,3.59
2130,2017-11-03,3.59
2131,2017-11-06,3.49
2132,2017-11-07,3.49
2133,2017-11-08,3.49
2134,2017-11-09,3.49
2135,2017-11-10,3.36
2136,2017-11-13,3.36
2137,2017-11-14,3.36
2138,2017-11-15,3.36
2139,2017-11-16,3.36
2140,2017-11-17,3.48
2141,2017-11-20,3.48
2142,2017-11-21,3.48
2143,2017-11-22,3.48
2144,2017-11-23,3.48
2145,2017-11-24,3.42
2146,2017-11-27,3.42
2147,2017-11-28,3.42
2148,2017-11-29,3.42
2149,2017-11-30,3.42
2150,2017-12-01,3.28
2151,2017-12-04,3.28
2152,2017-12-05,3.28
2153,2017-12-06,3.28
2154,2017-12-07,3.28
2155,2017-12-08,3.25
2156,2017-12-11,3.25
2157,2017-12-12,3.25
2158,2017-12-13,3.16
2159,2017-12-14,3.16
2160,2017-12-15,3.16
2161,2017-12-18,3.16
2162,2017-12-19,3.16
2163,2017-12-20,3.15
2164,2017-12-21,3.15
2165,2017-12-22,3.15
2166,2017-12-25,3.15
2167,2017-12-26,3.15
2168,2017-12-27,3.15
2169,2017-12-28,3.15
2170,2017-12-29,3.15
2171,2018-01-01,3.15
2172,2018-01-02,3.15
2173,2018-01-03,3.15
2174,2018-01-04,3.15
2175,2018-01-05,3.32
2176,2018-01-08,3.32
2177,2018-01-09,3.32
2178,2018-01-10,3.32
2179,2018-01-11,3.32
2180,2018-01-12,3.26
2181,2018-01-15,3.26
2182,2018-01-16,3.26
2183,2018-01-17,3.26
2184,2018-01-18,3.26
2185,2018-01-19,3.26
2186,2018-01-22,3.26
2187,2018-01-23,3.26
2188,2018-01-24,3.26
2189,2018-01-25,3.26
2190,2018-01-26,3.2
2191,2018-01-29,3.2
2192,2018-01-30,3.2
2193,2018-01-31,3.2
2194,2018-02-01,3.2
2195,2018-02-02,3.2
2196,2018-02-05,3.21
2197,2018-02-06,3.21
2198,2018-02-07,3.21
2199,2018-02-08,3.21
2200,2018-02-09,3.24
2201,2018-02-12,3.24
2202,2018-02-13,3.24
2203,2018-02-14,3.24
2204,2018-02-15,3.24
2205,2018-02-16,3.17
2206,2018-02-19,3.17
2207,2018-02-20,3.17
2208,2018-02-21,3.17
2209,2018-02-22,3.17
2210,2018-02-23,3.16
2211,2018-02-26,3.16
2212,2018-02-27,3.16
2213,2018-02-28,3.16
2214,2018-03-01,3.16
2215,2018-03-02,3.16
2216,2018-03-05,3.16
2217,2018-03-06,3.16
2218,2018-03-07,3.16
2219,2018-03-08,3.16
2220,2018-03-09,3.16
2221,2018-03-12,3.16
2222,2018-03-13,3.16
2223,2018-03-14,3.16
2224,2018-03-15,3.16
2225,2018-03-16,3.28
2226,2018-03-19,3.28
2227,2018-03-20,3.28
2228,2018-03-21,3.28
2229,2018-03-22,3.28
2230,2018-03-23,3.23
2231,2018-03-26,3.23
2232,2018-03-27,3.23
2233,2018-03-28,3.23
2234,2018-03-29,3.23
2235,2018-03-30,3.15
2236,2018-04-02,3.15
2237,2018-04-03,3.15
2238,2018-04-04,3.15
2239,2018-04-05,3.15
2240,2018-04-06,3.13
2241,2018-04-09,3.13
2242,2018-04-10,3.13
2243,2018-04-11,3.13
2244,2018-04-12,3.13
2245,2018-04-13,3.08
2246,2018-04-16,3.08
2247,2018-04-17,3.08
2248,2018-04-18,3.08
2249,2018-04-19,3.08
2250,2018-04-20,3.08
2251,2018-04-23,3.08
2252,2018-04-24,3.08
2253,2018-04-25,3.08
2254,2018-04-26,3.08
2255,2018-04-27,2.87
2256,2018-04-30,2.87
2257,2018-05-01,2.87
2258,2018-05-02,2.87
2259,2018-05-03,2.87
2260,2018-05-04,2.75
2261,2018-05-07,2.75
2262,2018-05-08,2.75
2263,2018-05-09,2.65
2264,2018-05-10,2.65
2265,2018-05-11,2.65
2266,2018-05-14,2.65
2267,2018-05-15,2.65
2268,2018-05-16,2.65
2269,2018-05-17,2.65
2270,2018-05-18,2.5
2271,2018-05-21,2.5
2272,2018-05-22,2.5
2273,2018-05-23,2.5
2274,2018-05-24,2.5
2275,2018-05-25,2.53
2276,2018-05-28,2.53
2277,2018-05-29,2.53
2278,2018-05-30,2.63
2279,2018-05-31,2.63
2280,2018-06-01,2.63
2281,2018-06-04,2.63
2282,2018-06-05,2.63
2283,2018-06-06,2.63
2284,2018-06-07,2.63
2285,2018-06-08,2.64
2286,2018-06-11,2.64
2287,2018-06-12,2.64
2288,2018-06-13,2.64
2289,2018-06-14,2.64
2290,2018-06-15,2.61
2291,2018-06-18,2.61
2292,2018-06-19,2.61
2293,2018-06-20,2.61
2294,2018-06-21,2.61
2295,2018-06-22,2.78
2296,2018-06-25,2.78
2297,2018-06-26,2.78
2298,2018-06-27,2.78
2299,2018-06-28,2.78
2300,2018-06-29,2.78
2301,2018-07-02,2.75
2302,2018-07-03,2.75
2303,2018-07-04,2.75
2304,2018-07-05,2.75
2305,2018-07-06,2.88
2306,2018-07-09,2.88
2307,2018-07-10,2.88
2308,2018-07-11,2.87
2309,2018-07-12,2.87
2310,2018-07-13,2.87
2311,2018-07-16,2.87
2312,2018-07-17,2.87
2313,2018-07-18,3.05
2314,2018-07-19,3.05
2315,2018-07-20,3.05
2316,2018-07-23,3.05
2317,2018-07-24,3.05
2318,2018-07-25,3.05
2319,2018-07-26,3.05
2320,2018-07-27,2.98
2321,2018-07-30,2.98
2322,2018-07-31,2.98
2323,2018-08-01,2.98
2324,2018-08-02,2.98
2325,2018-08-03,3.11
2326,2018-08-06,3.11
2327,2018-08-07,3.11
2328,2018-08-08,3.11
2329,2018-08-09,3.11
2330,2018-08-10,2.94
2331,2018-08-13,2.94
2332,2018-08-14,2.94
2333,2018-08-15,3.24
2334,2018-08-16,3.24
2335,2018-08-17,3.24
2336,2018-08-20,3.24
2337,2018-08-21,3.24
2338,2018-08-22,3.24
2339,2018-08-23,3.24
2340,2018-08-24,3.27
2341,2018-08-27,3.27
2342,2018-08-28,3.27
2343,2018-08-29,3.27
2344,2018-08-30,3.27
2345,2018-08-31,3.3
2346,2018-09-03,3.3
2347,2018-09-04,3.3
2348,2018-09-05,3.51
2349,2018-09-06,3.51
2350,2018-09-07,3.51
2351,2018-09-10,3.51
2352,2018-09-11,3.51
2353,2018-09-12,3.51
2354,2018-09-13,3.51
2355,2018-09-14,3.56
2356,2018-09-17,3.56
2357,2018-09-18,3.56
2358,2018-09-19,3.56
2359,2018-09-20,3.56
2360,2018-09-21,3.21
2361,2018-09-24,3.21
2362,2018-09-25,3.21
2363,2018-09-26,3.21
2364,2018-09-27,3.21
2365,2018-09-28,3.51
2366,2018-10-01,3.51
2367,2018-10-02,3.51
2368,2018-10-03,3.51
2369,2018-10-04,3.51
2370,2018-10-05,3.47
2371,2018-10-08,3.47
2372,2018-10-09,3.47
2373,2018-10-10,3.47
2374,2018-10-11,3.47
2375,2018-10-12,3.29
2376,2018-10-15,3.29
2377,2018-10-16,3.29
2378,2018-10-17,3.29
2379,2018-10-18,3.29
2380,2018-10-19,3.36
2381,2018-10-22,3.36
2382,2018-10-23,3.36
2383,2018-10-24,3.36
2384,2018-10-25,3.36
2385,2018-10-26,3.28
2386,2018-10-29,3.28
2387,2018-10-30,3.28
2388,2018-10-31,3.28
2389,2018-11-01,3.28
2390,2018-11-02,3.27
2391,2018-11-05,3.27
2392,2018-11-06,3.27
2393,2018-11-07,3.27
2394,2018-11-08,3.27
2395,2018-11-09,3.23
2396,2018-11-12,3.23
2397,2018-11-13,3.23
2398,2018-11-14,3.14
2399,2018-11-15,3.14
2400,2018-11-16,3.14
2401,2018-11-19,3.14
2402,2018-11-20,3.14
2403,2018-11-21,2.9
2404,2018-11-22,2.9
2405,2018-11-23,2.9
2406,2018-11-26,2.9
2407,2018-11-27,2.9
2408,2018-11-28,3.03
2409,2018-11-29,3.03
2410,2018-11-30,3.03
2411,2018-12-03,3.03
2412,2018-12-04,3.03
2413,2018-12-05,2.91
2414,2018-12-06,2.91
2415,2018-12-07,2.91
2416,2018-12-10,2.91
2417,2018-12-11,2.91
2418,2018-12-12,2.91
2419,2018-12-13,2.91
2420,2018-12-14,2.97
2421,2018-12-17,2.97
2422,2018-12-18,2.97
2423,2018-12-19,2.97
2424,2018-12-20,2.97
2425,2018-12-21,3.1
2426,2018-12-24,3.1
2427,2018-12-25,3.1
2428,2018-12-26,3.1
2429,2018-12-27,3.1
2430,2018-12-28,3.1
2431,2018-12-31,3.1
2432,2019-01-01,3.1
2433,2019-01-02,3.1
2434,2019-01-03,3.1
2435,2019-01-04,3.2
2436,2019-01-07,3.2
2437,2019-01-08,3.2
2438,2019-01-09,3.2
2439,2019-01-10,2.96
2440,2019-01-11,2.96
2441,2019-01-14,2.96
2442,2019-01-15,2.96
2443,2019-01-16,2.96
2444,2019-01-17,2.96
2445,2019-01-18,3.11
2446,2019-01-21,3.11
2447,2019-01-22,3.11
2448,2019-01-23,3.17
2449,2019-01-24,3.17
2450,2019-01-25,3.17
2451,2019-01-28,3.17
2452,2019-01-29,3.17
2453,2019-01-30,3.17
2454,2019-01-31,2.92
2455,2019-02-01,2.92
2456,2019-02-04,2.92
2457,2019-02-05,2.92
2458,2019-02-06,2.87
2459,2019-02-07,2.87
2460,2019-02-08,2.87
2461,2019-02-11,2.87
2462,2019-02-12,2.87
2463,2019-02-13,2.86
2464,2019-02-14,2.86
2465,2019-02-15,2.86
2466,2019-02-18,2.86
2467,2019-02-19,2.86
2468,2019-02-20,2.86
2469,2019-02-21,2.86
2470,2019-02-22,2.86
2471,2019-02-25,2.86
2472,2019-02-26,2.86
2473,2019-02-27,2.65
2474,2019-02-28,2.65
2475,2019-03-01,2.65
2476,2019-03-04,2.65
2477,2019-03-05,2.65
2478,2019-03-06,2.58
2479,2019-03-07,2.58
2480,2019-03-08,2.58
2481,2019-03-11,2.58
2482,2019-03-12,2.58
2483,2019-03-13,2.58
2484,2019-03-14,2.58
2485,2019-03-15,2.58
2486,2019-03-18,2.58
2487,2019-03-19,2.58
2488,2019-03-20,2.27
2489,2019-03-21,2.27
2490,2019-03-22,2.27
2491,2019-03-25,2.27
2492,2019-03-26,2.55
2493,2019-03-27,2.55
2494,2019-03-28,2.55
2495,2019-03-29,2.55
2496,2019-04-01,2.55
2497,2019-04-02,2.55
2498,2019-04-03,2.3
2499,2019-04-04,2.3
2500,2019-04-05,2.3
2501,2019-04-08,2.3
2502,2019-04-09,2.3
2503,2019-04-10,2.53
2504,2019-04-11,2.53
2505,2019-04-12,2.53
2506,2019-04-15,2.53
2507,2019-04-16,2.53
2508,2019-04-17,2.54
2509,2019-04-18,2.54
2510,2019-04-19,2.54
2511,2019-04-22,2.54
2512,2019-04-23,2.54
2513,2019-04-24,2.79
2514,2019-04-25,2.79
2515,2019-04-26,2.79
2516,2019-04-29,2.79
2517,2019-04-30,2.79
2518,2019-05-01,2.74
2519,2019-05-02,2.74
2520,2019-05-03,2.74
2521,2019-05-06,2.74
2522,2019-05-07,3.25
2523,2019-05-08,3.25
2524,2019-05-09,3.25
2525,2019-05-10,3.25
2526,2019-05-13,3.25
2527,2019-05-14,3.25
2528,2019-05-15,3.33
2529,2019-05-16,3.33
2530,2019-05-17,3.33
2531,2019-05-20,3.33
2532,2019-05-21,3.33
2533,2019-05-22,3.33
2534,2019-05-23,3.33
2535,2019-05-24,2.74
2536,2019-05-27,2.74
2537,2019-05-28,2.74
2538,2019-05-29,2.74
2539,2019-05-30,2.74
2540,2019-05-31,2.55
2541,2019-06-03,2.55
2542,2019-06-04,2.55
2543,2019-06-05,2.55
2544,2019-06-06,2.55
2545,2019-06-07,2.72
2546,2019-06-10,2.72
2547,2019-06-11,2.4
2548,2019-06-12,2.4
2549,2019-06-13,2.4
2550,2019-06-14,2.4
2551,2019-06-17,2.4
2552,2019-06-18,2.4
2553,2019-06-19,2.45
2554,2019-06-20,2.45
2555,2019-06-21,2.45
2556,2019-06-24,2.45
2557,2019-06-25,2.45
2558,2019-06-26,2.39
2559,2019-06-27,2.39
2560,2019-06-28,2.39
2561,2019-07-01,2.39
2562,2019-07-02,2.39
2563,2019-07-03,2.39
2564,2019-07-04,2.39
2565,2019-07-05,2.39
2566,2019-07-08,2.39
2567,2019-07-09,2.39
2568,2019-07-10,2.39
2569,2019-07-11,2.39
2570,2019-07-12,2.1
2571,2019-07-15,2.1
2572,2019-07-16,2.1
2573,2019-07-17,2.1
2574,2019-07-18,2.1
2575,2019-07-19,2.52
2576,2019-07-22,2.52
2577,2019-07-23,2.52
2578,2019-07-24,2.52
2579,2019-07-25,2.52
2580,2019-07-26,2.87
2581,2019-07-29,2.87
2582,2019-07-30,2.87
2583,2019-07-31,2.87
2584,2019-08-01,2.87
2585,2019-08-02,2.78
2586,2019-08-05,2.78
2587,2019-08-06,2.78
2588,2019-08-07,2.78
2589,2019-08-08,2.78
2590,2019-08-09,2.75
2591,2019-08-12,2.75
2592,2019-08-13,2.75
2593,2019-08-14,2.75
2594,2019-08-15,2.75
2595,2019-08-16,2.75
2596,2019-08-19,2.75
2597,2019-08-20,2.75
2598,2019-08-21,2.75
2599,2019-08-22,2.75
2600,2019-08-23,3.18
2601,2019-08-26,3.18
2602,2019-08-27,3.18
2603,2019-08-28,3.36
2604,2019-08-29,3.36
2605,2019-08-30,3.36
2606,2019-09-02,3.36
2607,2019-09-03,3.36
2608,2019-09-04,3.36
2609,2019-09-05,3.36
2610,2019-09-06,3.36
2611,2019-09-09,3.36
2612,2019-09-10,3.36
2613,2019-09-11,3.18
2614,2019-09-12,3.18
2615,2019-09-13,3.18
2616,2019-09-16,3.18
2617,2019-09-17,3.18
2618,2019-09-18,3.09
2619,2019-09-19,3.09
2620,2019-09-20,3.09
2621,2019-09-23,3.09
2622,2019-09-24,3.09
2623,2019-09-25,3.15
2624,2019-09-26,3.15
2625,2019-09-27,3.15
2626,2019-09-30,3.15
2627,2019-10-01,3.15
2628,2019-10-02,3.09
2629,2019-10-03,3.09
2630,2019-10-04,3.09
2631,2019-10-07,3.09
2632,2019-10-08,3.09
2633,2019-10-09,3.14
2634,2019-10-10,3.14
2635,2019-10-11,3.14
2636,2019-10-14,3.14
2637,2019-10-15,3.14
2638,2019-10-16,3.24
2639,2019-10-17,3.24
2640,2019-10-18,3.24
2641,2019-10-21,3.24
2642,2019-10-22,3.24
2643,2019-10-23,3.17
2644,2019-10-24,3.17
2645,2019-10-25,3.17
2646,2019-10-28,3.17
2647,2019-10-29,3.17
2648,2019-10-30,3.24
2649,2019-10-31,3.24
2650,2019-11-01,3.24
2651,2019-11-04,3.24
2652,2019-11-05,3.24
2653,2019-11-06,3.41
2654,2019-11-07,3.41
2655,2019-11-08,3.41
2656,2019-11-11,3.41
2657,2019-11-12,3.41
2658,2019-11-13,3.36
2659,2019-11-14,3.36
2660,2019-11-15,3.36
2661,2019-11-18,3.36
2662,2019-11-19,3.36
2663,2019-11-20,3.28
2664,2019-11-21,3.28
2665,2019-11-22,3.28
2666,2019-11-25,3.28
2667,2019-11-26,3.28
2668,2019-11-27,3.13
2669,2019-11-28,3.13
2670,2019-11-29,3.13
2671,2019-12-02,3.13
2672,2019-12-03,3.13
2673,2019-12-04,3.13
2674,2019-12-05,3.13
2675,2019-12-06,3.13
2676,2019-12-09,3.13
2677,2019-12-10,3.13
2678,2019-12-11,2.88
2679,2019-12-12,2.88
2680,2019-12-13,2.88
2681,2019-12-16,2.88
2682,2019-12-17,2.88
2683,2019-12-18,2.5
2684,2019-12-19,2.5
2685,2019-12-20,2.5
2686,2019-12-23,2.5
2687,2019-12-24,2.5
2688,2019-12-25,2.5
2689,2019-12-26,2.5
2690,2019-12-27,2.5
2691,2019-12-30,2.5
2692,2019-12-31,2.5
2693,2020-01-01,2.5
2694,2020-01-02,2.5
2695,2020-01-03,2.5
2696,2020-01-06,2.5
2697,2020-01-07,2.5
2698,2020-01-08,2.8
2699,2020-01-09,2.8
2700,2020-01-10,2.8
2701,2020-01-13,2.8
2702,2020-01-14,2.8
2703,2020-01-15,2.8
2704,2020-01-16,2.51
2705,2020-01-17,2.51
2706,2020-01-20,2.51
2707,2020-01-21,2.51
2708,2020-01-22,2.63
2709,2020-01-23,2.63
2710,2020-01-24,2.63
2711,2020-01-27,2.63
2712,2020-01-28,2.63
2713,2020-01-29,2.44
2714,2020-01-30,2.44
2715,2020-01-31,2.44
2716,2020-02-03,2.44
2717,2020-02-04,2.44
2718,2020-02-05,2.56
2719,2020-02-06,2.56
2720,2020-02-07,2.56
2721,2020-02-10,2.56
2722,2020-02-11,2.56
2723,2020-02-12,2.42
2724,2020-02-13,2.42
2725,2020-02-14,2.42
2726,2020-02-17,2.42
2727,2020-02-18,2.42
2728,2020-02-19,2.42
2729,2020-02-20,2.42
2730,2020-02-21,2.42
2731,2020-02-24,2.42
2732,2020-02-25,2.42
2733,2020-02-26,2.25
2734,2020-02-27,2.25
2735,2020-02-28,2.25
2736,2020-03-02,2.25
2737,2020-03-03,2.25
2738,2020-03-04,2.32
2739,2020-03-05,2.32
2740,2020-03-06,2.32
2741,2020-03-09,2.32
2742,2020-03-10,2.32
2743,2020-03-11,2.51
2744,2020-03-12,2.51
2745,2020-03-13,2.51
2746,2020-03-16,2.51
2747,2020-03-17,2.51
2748,2020-03-18,2.51
2749,2020-03-19,3.25
2750,2020-03-20,3.25
2751,2020-03-23,3.25
2752,2020-03-24,3.25
2753,2020-03-25,3.25
2754,2020-03-26,3.25
2755,2020-03-27,2.56
2756,2020-03-30,2.56
2757,2020-03-31,2.56
2758,2020-04-01,2.56
2759,2020-04-02,2.82
2760,2020-04-03,2.82
2761,2020-04-06,2.82
2762,2020-04-07,2.82
2763,2020-04-08,2.82
2764,2020-04-09,2.75
2765,2020-04-10,2.75
2766,2020-04-13,2.75
2767,2020-04-14,2.75
2768,2020-04-15,2.75
2769,2020-04-16,2.63
2770,2020-04-17,2.63
2771,2020-04-20,2.63
2772,2020-04-21,2.63
2773,2020-04-22,2.58
2774,2020-04-23,2.58
2775,2020-04-24,2.58
2776,2020-04-27,2.58
2777,2020-04-28,2.58
2778,2020-04-29,2.35
2779,2020-04-30,2.35
2780,2020-05-01,2.35
2781,2020-05-04,2.35
2782,2020-05-05,2.35
2783,2020-05-06,2.25
2784,2020-05-07,2.25
2785,2020-05-08,2.25
2786,2020-05-11,2.25
2787,2020-05-12,2.25
2788,2020-05-13,2.15
2789,2020-05-14,2.15
2790,2020-05-15,2.15
2791,2020-05-18,2.15
2792,2020-05-19,2.15
2793,2020-05-20,2.2
2794,2020-05-21,2.2
2795,2020-05-22,2.2
2796,2020-05-25,2.2
2797,2020-05-26,2.2
2798,2020-05-27,2.05
2799,2020-05-28,2.05
2800,2020-05-29,2.05
2801,2020-06-01,2.05
2802,2020-06-02,2.05
2803,2020-06-03,1.98
2804,2020-06-04,1.98
2805,2020-06-05,1.98
2806,2020-06-08,1.98
2807,2020-06-09,1.98
2808,2020-06-10,1.9
2809,2020-06-11,1.9
2810,2020-06-12,1.9
2811,2020-06-15,1.9
2812,2020-06-16,1.9
2813,2020-06-17,2.11
2814,2020-06-18,2.11
2815,2020-06-19,2.11
2816,2020-06-22,2.11
2817,2020-06-23,2.11
2818,2020-06-24,2.58
2819,2020-06-25,2.58
2820,2020-06-26,2.58
2821,2020-06-29,2.58
2822,2020-06-30,2.58
2823,2020-07-01,2.32
2824,2020-07-02,2.32
2825,2020-07-03,2.32
2826,2020-07-06,2.32
2827,2020-07-07,2.32
2828,2020-07-08,2.54
2829,2020-07-09,2.54
2830,2020-07-10,2.54
2831,2020-07-13,2.54
2832,2020-07-14,2.54
2833,2020-07-15,2.54
2834,2020-07-16,2.54
2835,2020-07-17,2.54
2836,2020-07-20,2.54
2837,2020-07-21,2.54
2838,2020-07-22,2.39
2839,2020-07-23,2.39
2840,2020-07-24,2.39
2841,2020-07-27,2.39
2842,2020-07-28,2.39
2843,2020-07-29,2.39
2844,2020-07-30,2.39
2845,2020-07-31,2.39
2846,2020-08-03,2.39
2847,2020-08-04,2.39
2848,2020-08-05,3.19
2849,2020-08-06,3.19
2850,2020-08-07,3.19
2851,2020-08-10,3.19
2852,2020-08-11,3.19
2853,2020-08-12,2.63
2854,2020-08-13,2.63
2855,2020-08-14,2.63
2856,2020-08-17,2.63
2857,2020-08-18,2.63
2858,2020-08-19,3.02
2859,2020-08-20,3.02
2860,2020-08-21,3.02
2861,2020-08-24,3.02
2862,2020-08-25,3.02
2863,2020-08-26,3.02
2864,2020-08-27,3.02
2865,2020-08-28,3.1
2866,2020-08-31,3.1
2867,2020-09-01,3.1
2868,2020-09-02,3.17
2869,2020-09-03,3.17
2870,2020-09-04,3.17
2871,2020-09-07,3.17
2872,2020-09-08,3.17
2873,2020-09-09,3.28
2874,2020-09-10,3.28
2875,2020-09-11,3.28
2876,2020-09-14,3.28
2877,2020-09-15,3.28
2878,2020-09-16,3.21
2879,2020-09-17,3.21
2880,2020-09-18,3.21
2881,2020-09-21,3.21
2882,2020-09-22,3.21
2883,2020-09-23,2.55
2884,2020-09-24,2.55
2885,2020-09-25,2.55
2886,2020-09-28,2.55
2887,2020-09-29,2.55
2888,2020-09-30,3.03
2889,2020-10-01,3.03
2890,2020-10-02,3.03
2891,2020-10-05,3.03
2892,2020-10-06,3.03
2893,2020-10-07,2.68
2894,2020-10-08,2.68
2895,2020-10-09,2.68
2896,2020-10-12,2.68
2897,2020-10-13,2.68
2898,2020-10-14,2.68
2899,2020-10-15,2.68
2900,2020-10-16,2.68
2901,2020-10-19,2.68
2902,2020-10-20,2.68
2903,2020-10-21,2.68
2904,2020-10-22,2.68
2905,2020-10-23,2.68
2906,2020-10-26,2.68
2907,2020-10-27,2.68
2908,2020-10-28,2.68
2909,2020-10-29,2.98
2910,2020-10-30,2.98
2911,2020-11-02,2.98
2912,2020-11-03,2.98
2913,2020-11-04,2.84
2914,2020-11-05,2.84
2915,2020-11-06,2.84
2916,2020-11-09,2.84
2917,2020-11-10,2.84
2918,2020-11-11,2.66
2919,2020-11-12,2.66
2920,2020-11-13,2.66
2921,2020-11-16,2.66
2922,2020-11-17,2.66
2923,2020-11-18,2.71
2924,2020-11-19,2.71
2925,2020-11-20,2.71
2926,2020-11-23,2.71
2927,2020-11-24,2.71
2928,2020-11-25,2.71
2929,2020-11-26,2.71
2930,2020-11-27,2.71
2931,2020-11-30,2.89
2932,2020-12-01,2.89
2933,2020-12-02,2.89
2934,2020-12-03,2.77
2935,2020-12-04,2.77
2936,2020-12-07,2.77
2937,2020-12-08,2.77
2938,2020-12-09,2.9
2939,2020-12-10,2.9
2940,2020-12-11,2.9
2941,2020-12-14,2.9
2942,2020-12-15,2.9
2943,2020-12-16,2.95
2944,2020-12-17,2.95
2945,2020-12-18,2.95
2946,2020-12-21,2.95
2947,2020-12-22,2.95
2948,2020-12-23,2.87
2949,2020-12-24,2.87
2950,2020-12-25,2.87
2951,2020-12-28,2.87
2952,2020-12-29,2.87
2953,2020-12-30,2.87
2954,2020-12-31,2.87
2955,2021-01-01,2.87
2956,2021-01-04,2.87
2957,2021-01-05,2.87
2958,2021-01-06,2.87
2959,2021-01-07,2.87
2960,2021-01-08,2.87
2961,2021-01-11,2.87
2962,2021-01-12,2.87
2963,2021-01-13,2.87
2964,2021-01-14,2.91
2965,2021-01-15,2.91
2966,2021-01-18,2.91
2967,2021-01-19,2.91
2968,2021-01-20,2.91
2969,2021-01-21,3.13
2970,2021-01-22,3.13
2971,2021-01-25,3.13
2972,2021-01-26,3.13
2973,2021-01-27,3.13
2974,2021-01-28,3.13
2975,2021-01-29,3.39
2976,2021-02-01,3.39
2977,2021-02-02,3.39
2978,2021-02-03,3.39
2979,2021-02-04,3.1
2980,2021-02-05,3.1
2981,2021-02-08,3.1
2982,2021-02-09,3.1
2983,2021-02-10,3.1
2984,2021-02-11,3.55
2985,2021-02-12,3.55
2986,2021-02-15,3.55
2987,2021-02-16,3.55
2988,2021-02-17,3.55
2989,2021-02-18,2.86
2990,2021-02-19,2.86
2991,2021-02-22,2.86
2992,2021-02-23,2.86
2993,2021-02-24,2.86
2994,2021-02-25,2.91
2995,2021-02-26,2.91
2996,2021-03-01,2.91
2997,2021-03-02,2.91
2998,2021-03-03,2.97
2999,2021-03-04,2.97
3000,2021-03-05,2.97
3001,2021-03-08,2.97
3002,2021-03-09,2.97
3003,2021-03-10,2.97
3004,2021-03-11,3.04
3005,2021-03-12,3.04
3006,2021-03-15,3.04
3007,2021-03-16,3.04
3008,2021-03-17,3.04
3009,2021-03-18,3.04
3010,2021-03-19,3.04
3011,2021-03-22,3.04
3012,2021-03-23,3.04
3013,2021-03-24,3.04
3014,2021-03-25,2.72
3015,2021-03-26,2.72
3016,2021-03-29,2.72
3017,2021-03-30,2.72
3018,2021-03-31,2.72
3019,2021-04-01,2.75
3020,2021-04-02,2.75
3021,2021-04-05,2.75
3022,2021-04-06,2.75
3023,2021-04-07,2.75
3024,2021-04-08,2.65
3025,2021-04-09,2.65
3026,2021-04-12,2.65
3027,2021-04-13,2.65
3028,2021-04-14,2.65
3029,2021-04-15,2.7
3030,2021-04-16,2.7
3031,2021-04-19,2.7
3032,2021-04-20,2.7
3033,2021-04-21,2.7
3034,2021-04-22,2.7
3035,2021-04-23,2.7
3036,2021-04-26,2.72
3037,2021-04-27,2.72
3038,2021-04-28,2.77
3039,2021-04-29,2.77
3040,2021-04-30,2.77
3041,2021-05-03,2.77
3042,2021-05-04,2.77
3043,2021-05-05,2.91
3044,2021-05-06,2.91
3045,2021-05-07,2.91
3046,2021-05-10,2.91
3047,2021-05-11,2.91
3048,2021-05-12,3.02
3049,2021-05-13,3.02
3050,2021-05-14,3.02
3051,2021-05-17,3.02
3052,2021-05-18,3.02
3053,2021-05-19,3.02
3054,2021-05-20,3.02
3055,2021-05-21,3.02
3056,2021-05-24,3.02
3057,2021-05-25,3.02
3058,2021-05-26,2.58
3059,2021-05-27,2.58
3060,2021-05-28,2.58
3061,2021-05-31,2.58
3062,2021-06-01,2.58
3063,2021-06-02,2.58
3064,2021-06-03,2.58
3065,2021-06-04,2.58
3066,2021-06-07,2.58
3067,2021-06-08,2.58
3068,2021-06-09,2.58
3069,2021-06-10,2.58
3070,2021-06-11,3.19
3071,2021-06-14,3.19
3072,2021-06-15,3.19
3073,2021-06-16,3.19
3074,2021-06-17,2.83
3075,2021-06-18,2.83
3076,2021-06-21,2.83
3077,2021-06-22,2.83
3078,2021-06-23,2.83
3079,2021-06-24,2.66
3080,2021-06-25,2.66
3081,2021-06-28,2.66
3082,2021-06-29,2.66
3083,2021-06-30,2.66
3084,2021-07-01,2.96
3085,2021-07-02,2.96
3086,2021-07-05,2.96
3087,2021-07-06,2.96
3088,2021-07-07,2.96
3089,2021-07-08,2.84
3090,2021-07-09,2.84
3091,2021-07-12,2.84
3092,2021-07-13,2.84
3093,2021-07-14,2.84
3094,2021-07-15,3.34
3095,2021-07-16,3.34
3096,2021-07-19,3.34
3097,2021-07-20,3.34
3098,2021-07-21,3.34
3099,2021-07-22,3.34
3100,2021-07-23,3.34
3101,2021-07-26,3.34
3102,2021-07-27,3.34
3103,2021-07-28,3.34
3104,2021-07-29,3.34
3105,2021-07-30,3.34
3106,2021-08-02,3.34
3107,2021-08-03,3.34
3108,2021-08-04,3.19
3109,2021-08-05,3.19
3110,2021-08-06,3.19
3111,2021-08-09,3.19
3112,2021-08-10,3.19
3113,2021-08-11,3.19
3114,2021-08-12,2.86
3115,2021-08-13,2.86
3116,2021-08-16,2.86
3117,2021-08-17,2.86
3118,2021-08-18,3.61
3119,2021-08-19,3.61
3120,2021-08-20,3.61
3121,2021-08-23,3.61
3122,2021-08-24,3.61
3123,2021-08-25,3.11
3124,2021-08-26,3.11
3125,2021-08-27,3.11
3126,2021-08-30,3.11
3127,2021-08-31,3.11
3128,2021-09-01,3.19
3129,2021-09-02,3.19
3130,2021-09-03,3.19
3131,2021-09-06,3.19
3132,2021-09-07,3.19
3133,2021-09-08,3.19
3134,2021-09-09,3.19
3135,2021-09-10,3.28
3136,2021-09-13,3.28
3137,2021-09-14,3.28
3138,2021-09-15,2.73
3139,2021-09-16,2.73
3140,2021-09-17,2.73
3141,2021-09-20,2.73
3142,2021-09-21,2.73
3143,2021-09-22,3.05
3144,2021-09-23,3.05
3145,2021-09-24,3.05
3146,2021-09-27,3.05
3147,2021-09-28,3.05
3148,2021-09-29,2.97
3149,2021-09-30,2.97
3150,2021-10-01,2.97
3151,2021-10-04,2.97
3152,2021-10-05,2.97
3153,2021-10-06,2.96
3154,2021-10-07,2.96
3155,2021-10-08,2.96
3156,2021-10-11,2.96
3157,2021-10-12,2.96
3158,2021-10-13,2.96
3159,2021-10-14,2.96
3160,2021-10-15,2.96
3161,2021-10-18,2.96
3162,2021-10-19,2.96
3163,2021-10-20,3.09
3164,2021-10-21,3.09
3165,2021-10-22,3.09
3166,2021-10-25,3.09
3167,2021-10-26,3.09
3168,2021-10-27,3.09
3169,2021-10-28,3.09
3170,2021-10-29,2.96
3171,2021-11-01,2.96
3172,2021-11-02,2.96
3173,2021-11-03,2.96
3174,2021-11-04,2.96
3175,2021-11-05,2.96
3176,2021-11-08,2.96
3177,2021-11-09,2.96
3178,2021-11-10,3.01
3179,2021-11-11,3.01
3180,2021-11-12,3.01
3181,2021-11-15,3.01
3182,2021-11-16,3.01
3183,2021-11-17,3.14
3184,2021-11-18,3.14
3185,2021-11-19,3.14
3186,2021-11-22,3.14
3187,2021-11-23,3.14
3188,2021-11-24,3.06
3189,2021-11-25,3.06
3190,2021-11-26,3.06
3191,2021-11-29,3.06
3192,2021-11-30,3.06
3193,2021-12-01,3.08
3194,2021-12-02,3.08
3195,2021-12-03,3.08
3196,2021-12-06,3.08
3197,2021-12-07,3.08
3198,2021-12-08,3.02
3199,2021-12-09,3.02
3200,2021-12-10,3.02
3201,2021-12-13,3.02
3202,2021-12-14,3.02
3203,2021-12-15,3.02
3204,2021-12-16,3.06
3205,2021-12-17,3.06
3206,2021-12-20,3.06
3207,2021-12-21,3.06
3208,2021-12-22,2.92
3209,2021-12-23,2.92
3210,2021-12-24,2.92
3211,2021-12-27,2.92
3212,2021-12-28,2.92
3213,2021-12-29,2.92
3214,2021-12-30,2.92
3215,2021-12-31,2.92
3216,2022-01-03,2.92
3217,2022-01-04,2.92
3218,2022-01-05,2.93
3219,2022-01-06,2.93
3220,2022-01-07,2.93
3221,2022-01-10,2.93
3222,2022-01-11,2.93
3223,2022-01-12,2.76
3224,2022-01-13,2.76
3225,2022-01-14,2.76
3226,2022-01-17,2.76
3227,2022-01-18,2.76
3228,2022-01-19,2.78
3229,2022-01-20,2.78
3230,2022-01-21,2.78
3231,2022-01-24,2.78
3232,2022-01-25,2.78
3233,2022-01-26,2.78
3234,2022-01-27,2.78
3235,2022-01-28,2.86
3236,2022-01-31,2.86
3237,2022-02-01,2.86
3238,2022-02-02,2.92
3239,2022-02-03,2.92
3240,2022-02-04,2.92
3241,2022-02-07,2.92
3242,2022-02-08,2.92
3243,2022-02-09,2.92
3244,2022-02-10,2.92
3245,2022-02-11,2.92
3246,2022-02-14,2.92
3247,2022-02-15,2.92
3248,2022-02-16,2.85
3249,2022-02-17,2.85
3250,2022-02-18,2.85
3251,2022-02-21,2.85
3252,2022-02-22,2.85
3253,2022-02-23,2.85
3254,2022-02-24,2.85
3255,2022-02-25,2.85
3256,2022-02-28,2.85
3257,2022-03-01,2.85
3258,2022-03-02,2.84
3259,2022-03-03,2.84
3260,2022-03-04,2.84
3261,2022-03-07,2.84
3262,2022-03-08,2.84
3263,2022-03-09,2.84
3264,2022-03-10,2.84
3265,2022-03-11,2.84
3266,2022-03-14,2.84
3267,2022-03-15,2.84
3268,2022-03-16,2.77
3269,2022-03-17,2.77
3270,2022-03-18,2.77
3271,2022-03-21,2.77
3272,2022-03-22,2.77
3273,2022-03-23,2.74
3274,2022-03-24,2.74
3275,2022-03-25,2.74
3276,2022-03-28,2.74
3277,2022-03-29,2.74
3278,2022-03-30,2.76
3279,2022-03-31,2.76
3280,2022-04-01,2.76
3281,2022-04-04,2.76
3282,2022-04-05,2.76
3283,2022-04-06,2.76
3284,2022-04-07,2.76
3285,2022-04-08,2.76
3286,2022-04-11,2.76
3287,2022-04-12,2.76
3288,2022-04-13,2.85
3289,2022-04-14,2.85
3290,2022-04-15,2.85
3291,2022-04-18,2.85
3292,2022-04-19,2.85
3293,2022-04-20,2.85
3294,2022-04-21,2.82
3295,2022-04-22,2.82
3296,2022-04-25,2.82
3297,2022-04-26,2.82
3298,2022-04-27,3.1
3299,2022-04-28,3.1
3300,2022-04-29,3.1
3301,2022-05-02,3.1
3302,2022-05-03,3.1
3303,2022-05-04,3.1
3304,2022-05-05,3.1
3305,2022-05-06,3.1
3306,2022-05-09,2.8
3307,2022-05-10,2.8
3308,2022-05-11,2.69
3309,2022-05-12,2.69
3310,2022-05-13,2.69
3311,2022-05-16,2.69
3312,2022-05-17,2.69
3313,2022-05-18,2.69
3314,2022-05-19,2.69
3315,2022-05-20,2.69
3316,2022-05-23,2.69
3317,2022-05-24,2.69
3318,2022-05-25,2.67
3319,2022-05-26,2.67
3320,2022-05-27,2.67
3321,2022-05-30,2.67
3322,2022-05-31,2.67
3323,2022-06-01,2.69
3324,2022-06-02,2.69
3325,2022-06-03,2.69
3326,2022-06-06,2.69
3327,2022-06-07,2.69
3328,2022-06-08,2.7
3329,2022-06-09,2.7
3330,2022-06-10,2.7
3331,2022-06-13,2.7
3332,2022-06-14,2.7
3333,2022-06-15,2.67
3334,2022-06-16,2.67
3335,2022-06-17,2.67
3336,2022-06-20,2.67
3337,2022-06-21,2.67
3338,2022-06-22,2.77
3339,2022-06-23,2.77
3340,2022-06-24,2.77
3341,2022-06-27,2.77
3342,2022-06-28,2.77
3343,2022-06-29,2.76
3344,2022-06-30,2.76
3345,2022-07-01,2.76
3346,2022-07-04,2.76
3347,2022-07-05,2.76
3348,2022-07-06,2.88
3349,2022-07-07,2.88
3350,2022-07-08,2.88
3351,2022-07-11,2.88
3352,2022-07-12,2.88
3353,2022-07-13,2.88
3354,2022-07-14,2.83
3355,2022-07-15,2.83
3356,2022-07-18,2.83
3357,2022-07-19,2.83
3358,2022-07-20,2.83
3359,2022-07-21,2.83
3360,2022-07-22,2.83
3361,2022-07-25,2.83
3362,2022-07-26,2.83
3363,2022-07-27,2.83
3364,2022-07-28,2.83
3365,2022-07-29,2.83
3366,2022-08-01,2.83
3367,2022-08-02,2.83
3368,2022-08-03,2.83
3369,2022-08-04,2.83
3370,2022-08-05,2.83
3371,2022-08-08,2.83
3372,2022-08-09,2.83
3373,2022-08-10,3.02
3374,2022-08-11,3.02
3375,2022-08-12,3.02
3376,2022-08-15,3.02
3377,2022-08-16,3.02
3378,2022-08-17,2.91
3379,2022-08-18,2.91
3380,2022-08-19,2.91
3381,2022-08-22,2.91
3382,2022-08-23,2.91
3383,2022-08-24,3.2
3384,2022-08-25,3.2
3385,2022-08-26,3.2
3386,2022-08-29,3.2
3387,2022-08-30,3.2
3388,2022-08-31,3.2
3389,2022-09-01,3.18
3390,2022-09-02,3.18
3391,2022-09-05,3.18
3392,2022-09-06,3.18
3393,2022-09-07,3.18
3394,2022-09-08,3.18
3395,2022-09-09,3.18
3396,2022-09-12,3.18
3397,2022-09-13,3.18
3398,2022-09-14,3.18
3399,2022-09-15,2.85
3400,2022-09-16,2.85
3401,2022-09-19,2.85
3402,2022-09-20,2.85
3403,2022-09-21,3.05
3404,2022-09-22,3.05
3405,2022-09-23,3.05
3406,2022-09-26,3.05
3407,2022-09-27,3.05
3408,2022-09-28,2.87
3409,2022-09-29,2.87
3410,2022-09-30,2.87
3411,2022-10-03,2.87
3412,2022-10-04,2.87
3413,2022-10-05,2.92
3414,2022-10-06,2.92
3415,2022-10-07,2.92
3416,2022-10-10,2.92
3417,2022-10-11,2.92
3418,2022-10-12,2.92
3419,2022-10-13,2.94
3420,2022-10-14,2.94
3421,2022-10-17,2.94
3422,2022-10-18,2.94
3423,2022-10-19,2.76
3424,2022-10-20,2.76
3425,2022-10-21,2.76
3426,2022-10-24,2.76
3427,2022-10-25,2.76
3428,2022-10-26,2.83
3429,2022-10-27,2.83
3430,2022-10-28,2.83
3431,2022-10-31,2.83
3432,2022-11-01,2.83
3433,2022-11-02,3.05
3434,2022-11-03,3.05
3435,2022-11-04,3.05
3436,2022-11-07,3.05
3437,2022-11-08,3.05
3438,2022-11-09,2.88
3439,2022-11-10,2.88
3440,2022-11-11,2.88
3441,2022-11-14,2.88
3442,2022-11-15,2.88
3443,2022-11-16,2.84
3444,2022-11-17,2.84
3445,2022-11-18,2.84
3446,2022-11-21,2.84
3447,2022-11-22,2.84
3448,2022-11-23,2.82
3449,2022-11-24,2.82
3450,2022-11-25,2.82
3451,2022-11-28,2.82
3452,2022-11-29,2.82
3453,2022-11-30,2.95
3454,2022-12-01,2.95
3455,2022-12-02,2.95
3456,2022-12-05,2.95
3457,2022-12-06,2.95
3458,2022-12-07,2.86
3459,2022-12-08,2.86
3460,2022-12-09,2.86
3461,2022-12-12,2.86
3462,2022-12-13,2.86
3463,2022-12-14,2.86
3464,2022-12-15,2.91
3465,2022-12-16,2.91
3466,2022-12-19,2.91
3467,2022-12-20,2.91
3468,2022-12-21,2.83
3469,2022-12-22,2.83
3470,2022-12-23,2.83
3471,2022-12-26,2.83
3472,2022-12-27,2.83
3473,2022-12-28,2.83
3474,2022-12-29,2.83
3475,2022-12-30,2.83
3476,2023-01-02,2.83
3477,2023-01-03,2.83
3478,2023-01-04,2.83
3479,2023-01-05,3.14
3480,2023-01-06,3.14
3481,2023-01-09,3.14
3482,2023-01-10,3.14
3483,2023-01-11,2.81
3484,2023-01-12,2.81
3485,2023-01-13,2.81
3486,2023-01-16,2.81
3487,2023-01-17,2.81
3488,2023-01-18,2.81
3489,2023-01-19,2.81
3490,2023-01-20,2.81
3491,2023-01-23,2.81
3492,2023-01-24,2.81
3493,2023-01-25,2.81
3494,2023-01-26,2.81
3495,2023-01-27,2.81
3496,2023-01-30,2.81
3497,2023-01-31,2.81
3498,2023-02-01,2.81
3499,2023-02-02,2.81
3500,2023-02-03,2.81
3501,2023-02-06,2.81
3502,2023-02-07,2.81
3503,2023-02-08,2.81
3504,2023-02-09,2.81
3505,2023-02-10,2.81
3506,2023-02-13,2.81
3507,2023-02-14,2.81
3508,2023-02-15,2.77
3509,2023-02-16,2.77
3510,2023-02-17,2.77
3511,2023-02-20,2.77
3512,2023-02-21,2.77
3513,2023-02-22,2.75
3514,2023-02-23,2.75
3515,2023-02-24,2.75
3516,2023-02-27,2.75
3517,2023-02-28,2.75
3518,2023-03-01,2.69
3519,2023-03-02,2.69
3520,2023-03-03,2.69
3521,2023-03-06,2.69
3522,2023-03-07,2.69
3523,2023-03-08,2.8
3524,2023-03-09,2.8
3525,2023-03-10,2.8
3526,2023-03-13,2.8
3527,2023-03-14,2.8
3528,2023-03-15,2.95
3529,2023-03-16,2.95
3530,2023-03-17,2.95
3531,2023-03-20,2.95
3532,2023-03-21,2.95
3533,2023-03-22,2.89
3534,2023-03-23,2.89
3535,2023-03-24,2.89
3536,2023-03-27,2.89
3537,2023-03-28,2.89
3538,2023-03-29,3.36
3539,2023-03-30,3.36
3540,2023-03-31,3.36
3541,2023-04-03,3.36
3542,2023-04-04,3.36
3543,2023-04-05,3.01
3544,2023-04-06,3.01
3545,2023-04-07,3.01
3546,2023-04-10,3.01
3547,2023-04-11,3.01
3548,2023-04-12,3.01
3549,2023-04-13,3.01
3550,2023-04-14,3.01
3551,2023-04-17,3.01
3552,2023-04-18,3.01
3553,2023-04-19,3.07
3554,2023-04-20,3.07
3555,2023-04-21,3.07
3556,2023-04-24,3.07
3557,2023-04-25,3.07
3558,2023-04-26,2.72
3559,2023-04-27,2.72
3560,2023-04-28,2.72
3561,2023-05-01,2.72
3562,2023-05-02,2.72
3563,2023-05-03,2.72
3564,2023-05-04,2.63
3565,2023-05-05,2.63
3566,2023-05-08,2.63
3567,2023-05-09,2.63
3568,2023-05-10,2.77
3569,2023-05-11,2.77
3570,2023-05-12,2.77
3571,2023-05-15,2.77
3572,2023-05-16,2.77
3573,2023-05-17,2.61
3574,2023-05-18,2.61
3575,2023-05-19,2.61
3576,2023-05-22,2.61
3577,2023-05-23,2.61
3578,2023-05-24,2.59
3579,2023-05-25,2.59
3580,2023-05-26,2.59
3581,2023-05-29,2.59
3582,2023-05-30,2.59
3583,2023-05-31,2.59
3584,2023-06-01,2.59
3585,2023-06-02,2.59
3586,2023-06-05,2.59
3587,2023-06-06,2.59
3588,2023-06-07,2.57
3589,2023-06-08,2.57
3590,2023-06-09,2.57
3591,2023-06-12,2.57
3592,2023-06-13,2.57
3593,2023-06-14,2.56
3594,2023-06-15,2.56
3595,2023-06-16,2.56
3596,2023-06-19,2.56
3597,2023-06-20,2.56
3598,2023-06-21,2.56
3599,2023-06-22,2.56
3600,2023-06-23,2.56
3601,2023-06-26,2.56
3602,2023-06-27,2.56
3603,2023-06-28,2.56
3604,2023-06-29,2.56
3605,2023-06-30,2.56
3606,2023-07-03,2.56
3607,2023-07-04,2.56
3608,2023-07-05,2.56
3609,2023-07-06,2.56
3610,2023-07-07,2.56
3611,2023-07-10,2.56
3612,2023-07-11,2.56
3613,2023-07-12,2.63
3614,2023-07-13,2.63
3615,2023-07-14,2.63
3616,2023-07-17,2.63
3617,2023-07-18,2.63
3618,2023-07-19,2.68
3619,2023-07-20,2.68
3620,2023-07-21,2.68
3621,2023-07-24,2.68
3622,2023-07-25,2.68
3623,2023-07-26,2.74
3624,2023-07-27,2.74
3625,2023-07-28,2.74
3626,2023-07-31,2.74
3627,2023-08-01,2.74
3628,2023-08-02,3.28
3629,2023-08-03,3.28
3630,2023-08-04,3.28
3631,2023-08-07,3.28
3632,2023-08-08,3.28
3633,2023-08-09,2.85
3634,2023-08-10,2.85
3635,2023-08-11,2.85
3636,2023-08-14,2.85
3637,2023-08-15,2.85
3638,2023-08-16,3.41
3639,2023-08-17,3.41
3640,2023-08-18,3.41
3641,2023-08-21,3.41
3642,2023-08-22,3.41
3643,2023-08-23,3.77
3644,2023-08-24,3.77
3645,2023-08-25,3.77
3646,2023-08-28,3.77
3647,2023-08-29,3.77
3648,2023-08-30,2.85
3649,2023-08-31,2.85
3650,2023-09-01,2.85
3651,2023-09-04,2.85
3652,2023-09-05,2.85
3653,2023-09-06,2.85
3654,2023-09-07,2.85
3655,2023-09-08,2.85
3656,2023-09-11,2.85
3657,2023-09-12,2.85
3658,2023-09-13,3.07
3659,2023-09-14,3.07
3660,2023-09-15,3.07
3661,2023-09-18,3.07
3662,2023-09-19,3.07
3663,2023-09-20,2.75
3664,2023-09-21,2.75
3665,2023-09-22,2.75
3666,2023-09-25,2.75
3667,2023-09-26,2.75
3668,2023-09-27,2.73
3669,2023-09-28,2.73
3670,2023-09-29,2.73
3671,2023-10-02,2.73
3672,2023-10-03,2.73
3673,2023-10-04,2.74
3674,2023-10-05,2.74
3675,2023-10-06,2.74
3676,2023-10-09,2.74
3677,2023-10-10,2.74
3678,2023-10-11,2.74
3679,2023-10-12,2.85
3680,2023-10-13,2.85
3681,2023-10-16,2.85
3682,2023-10-17,2.85
3683,2023-10-18,2.77
3684,2023-10-19,2.77
3685,2023-10-20,2.77
3686,2023-10-23,2.77
3687,2023-10-24,2.77
3688,2023-10-25,2.85
3689,2023-10-26,2.85
3690,2023-10-27,2.85
3691,2023-10-30,2.85
3692,2023-10-31,2.85
3693,2023-11-01,3.02
3694,2023-11-02,3.02
3695,2023-11-03,3.02
3696,2023-11-06,3.02
3697,2023-11-07,3.02
3698,2023-11-08,3.05
3699,2023-11-09,3.05
3700,2023-11-10,3.05
3701,2023-11-13,3.05
3702,2023-11-14,3.05
3703,2023-11-15,3.05
3704,2023-11-16,3.2
3705,2023-11-17,3.2
3706,2023-11-20,3.2
3707,2023-11-21,3.2
3708,2023-11-22,3.16
3709,2023-11-23,3.16
3710,2023-11-24,3.16
3711,2023-11-27,3.16
3712,2023-11-28,3.16
3713,2023-11-29,3.37
3714,2023-11-30,3.37
3715,2023-12-01,3.37
3716,2023-12-04,3.37
3717,2023-12-05,3.37
3718,2023-12-06,3.29
3719,2023-12-07,3.29
3720,2023-12-08,3.29
3721,2023-12-11,3.29
3722,2023-12-12,3.29
3723,2023-12-13,3.29
3724,2023-12-14,3.25
3725,2023-12-15,3.25
3726,2023-12-18,3.25
3727,2023-12-19,3.25
3728,2023-12-20,3.12
3729,2023-12-21,3.12
3730,2023-12-22,3.12
3731,2023-12-25,3.12
3732,2023-12-26,3.12
3733,2023-12-27,3.12
3734,2023-12-28,3.12
3735,2023-12-29,3.12
3736,2024-01-01,3.12
3737,2024-01-02,3.12
